mRNA,RF_Classifier_prob
A1,0.5646425331011414
A2,0.6060428105294704
A3,0.5795951813459397
A4,0.28928834437101614
A5,0.7748582005500794
A6,0.7810752868652344
A7,0.7989246010780334
A8,0.7816724300384521
A9,0.6155820459127426
A10,0.7731398463249206
A11,0.787894070148468
A12,0.7952898144721985
A13,0.6252197027206421
A14,0.7496437430381775
A15,0.7684834718704223
A16,0.6002150028944016
A17,0.5979740388691426
A18,0.7853666543960571
A19,0.7901299238204956
A20,0.7856991648674011
A21,0.7998886942863465
A22,0.7999188423156738
A23,0.7984582901000976
A24,0.7969877004623414
A25,0.6720258951187134
A26,0.7664427161216736
A27,0.7996654868125915
A28,0.7983414053916931
A29,0.7985225081443786
A30,0.5766245245933532
A31,0.6999590158462524
A32,0.7998960494995118
A33,0.7991001963615417
A34,0.6286976665258408
A35,0.5851674363017082
A36,0.6161512136459351
A37,0.5124971812590957
A38,0.41986959042260424
A39,0.4435702265240252
A40,0.7957732677459717
A41,0.7250113606452941
A42,0.7314376354217529
A43,0.6457900881767273
A44,0.7860205054283143
A45,0.7994035840034485
A46,0.7937617540359497
A47,0.7992730736732483
A48,0.7999824047088623
A49,0.793629789352417
A50,0.785540509223938
A51,0.79561767578125
A52,0.7474881410598755
A53,0.7981424927711487
A54,0.5130399785935879
A55,0.6066669702529908
A56,0.5601650705561042
A57,0.5689443924464286
A58,0.7791780471801758
A59,0.6034083046019078
A60,0.5795875510200859
A61,0.6113879412412644
A62,0.7954964876174927
A63,0.7940783143043518
A64,0.7718210220336914
A65,0.7993553280830383
A66,0.7978463888168335
A67,0.7995193600654602
A68,0.7208071351051331
A69,0.7999538779258728
A70,0.7998628973960876
A71,0.7990734338760376
A72,0.7998660683631897
A73,0.7995988607406617
A74,0.7774338960647583
A75,0.7978127121925354
A76,0.7220209002494812
A77,0.7817962288856506
A78,0.735121214389801
A79,0.6799072384834289
A80,0.799364960193634
A81,0.6834161102771759
A82,0.7994809865951538
A83,0.7942722797393799
A84,0.6722295820713043
A85,0.7986134767532349
A86,0.7981708765029907
A87,0.7996183872222901
A88,0.799100124835968
A89,0.5774076789180981
A90,0.6415683507919312
A91,0.5614682998042554
A92,0.5939737357199192
A93,0.7991456151008606
A94,0.7969905734062195
A95,0.6799619793891907
A96,0.7996299028396606
A97,0.7996593594551087
A98,0.7949865460395813
A99,0.7966348886489868
A100,0.7943693637847901
A101,0.7648845911026001
A102,0.6205574035644531
A103,0.6650872111320496
A104,0.7690077066421509
A105,0.799439537525177
A106,0.6431322425603867
A107,0.605992815643549
A108,0.7992582082748413
A109,0.7944419145584106
A110,0.7993412852287293
A111,0.7998697996139527
A112,0.7967303395271301
A113,0.5731155872344971
A114,0.7945198655128479
A115,0.7999962329864502
A116,0.799994683265686
A117,0.7802318453788757
A118,0.6308806777000427
A119,0.7967909574508667
A120,0.7997986078262329
A121,0.6809703946113587
A122,0.7163079023361206
A123,0.5815857414156198
A124,0.768261992931366
A125,0.6153914570808411
A126,0.6084371030330658
A127,0.793221914768219
A128,0.7994987487792968
A129,0.7994390845298767
A130,0.7992673635482788
A131,0.7987295031547547
A132,0.7976006865501404
A133,0.7945730566978455
A134,0.7992151737213135
A135,0.7996912360191345
A136,0.7998898983001709
A137,0.799840772151947
A138,0.7999804973602295
A139,0.7989330410957336
A140,0.7823608875274658
A141,0.7829251289367676
A142,0.7355525732040405
A143,0.6963625311851501
A144,0.6832774877548218
A145,0.7995157122612
A146,0.7253731966018677
A147,0.7583161473274231
A148,0.7992256879806519
A149,0.7991023659706116
A150,0.7918639302253723
A151,0.7850173711776733
A152,0.7943175196647644
A153,0.7963831543922424
A154,0.7934004306793213
A155,0.5854082770645619
A156,0.622280190885067
A157,0.5976248927414417
A158,0.5580630630254746
A159,0.7821574091911316
A160,0.7528339266777039
A161,0.5642995277419687
A162,0.7802365899085999
A163,0.7204481601715088
A164,0.7309455394744873
A165,0.7485909223556518
A166,0.7947365164756774
A167,0.7941788673400879
A168,0.7967013120651245
A169,0.7986600756645202
A170,0.7996327519416809
A171,0.7995242714881897
A172,0.7995939135551453
A173,0.7820363521575928
A174,0.7586225628852844
A175,0.7949806928634644
A176,0.7900062680244446
A177,0.7986500978469848
A178,0.797948694229126
A179,0.7992608070373535
A180,0.7973620653152466
A181,0.7979194760322571
A182,0.7982228875160218
A183,0.7940505623817444
A184,0.5965153530240059
A185,0.7946477174758911
A186,0.7662794947624206
A187,0.6228056788444519
A188,0.7563887715339661
A189,0.7082006931304932
A190,0.7423958659172059
A191,0.6772776067256927
A192,0.6140143632888794
A193,0.7956049323081971
A194,0.799456262588501
A195,0.7997233033180237
A196,0.7999660015106201
A197,0.7998415112495423
A198,0.7996025085449219
A199,0.7997590661048889
A200,0.7998849272727966
A201,0.7997499346733093
A202,0.7994670152664185
A203,0.6467345952987671
A204,0.7871255278587341
A205,0.7456710577011109
A206,0.7759463667869568
A207,0.44465380907058716
A208,0.3651157845277339
A209,0.4221965819597244
A210,0.4505505439126864
A211,0.3970123791983724
A212,0.42673888535218224
A213,0.4454219362316508
A214,0.43139105606724115
A215,0.5172216616570949
A216,0.7925567269325257
A217,0.7985162734985352
A218,0.7984528064727783
A219,0.7919328808784485
A220,0.7987906575202942
A221,0.7988833308219909
A222,0.7996740341186523
A223,0.7821680188179017
A224,0.6095089673995971
A225,0.7899317264556884
A226,0.41044330708682536
A227,0.7869065165519714
A228,0.6226959615945816
A229,0.7960778951644898
A230,0.7593573331832886
A231,0.6283349931240082
A232,0.7509120345115662
A233,0.7819678068161011
A234,0.7810951471328735
A235,0.6277960807085037
A236,0.7949730157852173
A237,0.6547761559486389
A238,0.7992218732833862
A239,0.7877416014671326
A240,0.5944919182918966
A241,0.7554627060890198
A242,0.7800269246101379
A243,0.6071841284632683
A244,0.7851664185523987
A245,0.7607949733734131
A246,0.7913254737854004
A247,0.7260058760643006
A248,0.7317079067230224
A249,0.5727503145113587
A250,0.5625510644167662
A251,0.7888549327850342
A252,0.7918222308158874
A253,0.7902736902236939
A254,0.4892761284369044
A255,0.48545367382494076
A256,0.45205362671699734
A257,0.48564733690081996
A258,0.4367522433958584
A259,0.6048002049326897
A260,0.7975712656974793
A261,0.6906766831874848
A262,0.7500099062919616
A263,0.77510666847229
A264,0.7499870300292969
A265,0.5938085317611694
A266,0.5638598226010799
A267,0.7941352248191833
A268,0.7990448832511902
A269,0.7823796033859253
A270,0.6233361840248108
A271,0.49437503450899384
A272,0.5947610251605511
A273,0.5960951095446945
A274,0.5553864687506576
A275,0.5426041125785559
A276,0.6596666812896729
A277,0.7998410105705261
A278,0.7965127229690552
A279,0.7898270606994628
A280,0.5749120265245438
A281,0.7767778635025024
A282,0.799802279472351
A283,0.7993321776390075
A284,0.7999384522438049
A285,0.6225347340106964
A286,0.667455506324768
A287,0.5408556461334229
A288,0.5755058269947767
A289,0.568466570158489
A290,0.6284092247486115
A291,0.6573614954948426
A292,0.7977246880531311
A293,0.7089081764221191
A294,0.6077965646982193
A295,0.6574499905109406
A296,0.7946868419647217
A297,0.7993857502937317
A298,0.7973581433296204
A299,0.7981852173805237
A300,0.7975739479064942
A301,0.7979945182800293
A302,0.7960141777992249
A303,0.7984474301338196
A304,0.599163156747818
A305,0.7598837375640869
A306,0.516620060801506
A307,0.7981409549713134
A308,0.7988807678222656
A309,0.7974587559700013
A310,0.7965920448303223
A311,0.7580571413040161
A312,0.7911724209785461
A313,0.7986306548118591
A314,0.7995952844619751
A315,0.7926324963569641
A316,0.7986766815185546
A317,0.7956249833106994
A318,0.7995896935462952
A319,0.5896985745057464
A320,0.7071826934814454
A321,0.7768541693687439
A322,0.7942611932754516
A323,0.781053340435028
A324,0.7991994261741638
A325,0.799437415599823
A326,0.7997686624526977
A327,0.7976372599601745
A328,0.7995697379112243
A329,0.7936535358428956
A330,0.78197683095932
A331,0.7307222008705139
A332,0.7525797963142395
A333,0.7323395729064941
A334,0.7997649908065796
A335,0.7967755913734436
A336,0.7996020793914795
A337,0.7840593576431274
A338,0.7956792116165161
A339,0.7993820905685425
A340,0.7984320282936096
A341,0.7056360363960266
A342,0.798828411102295
A343,0.7937875390052795
A344,0.7874683856964111
A345,0.5813280536793173
A346,0.7931858539581299
A347,0.7897033572196961
A348,0.7656481146812439
A349,0.5950163748115301
A350,0.7019283890724182
A351,0.7962833404541015
A352,0.7978274464607239
A353,0.7144689917564392
A354,0.7624215960502625
A355,0.7939079880714417
A356,0.7999569416046143
A357,0.7992970943450928
A358,0.7998005151748657
A359,0.7986646056175232
A360,0.773651921749115
A361,0.7988973736763001
A362,0.7996375799179077
A363,0.7999485969543457
A364,0.7997924089431763
A365,0.7995343565940857
A366,0.7989036202430725
A367,0.7855808019638062
A368,0.7997694611549377
A369,0.6896642088890076
A370,0.7992747902870179
A371,0.7994823336601258
A372,0.7999509811401367
A373,0.7820841193199157
A374,0.7147372841835022
A375,0.7325744509696961
A376,0.7773725032806397
A377,0.7962413668632508
A378,0.7601935148239136
A379,0.6580608129501343
A380,0.7991349935531616
A381,0.5314456380787306
A382,0.7873630881309509
A383,0.754219400882721
A384,0.799317729473114
A385,0.7986455917358398
A386,0.7318723559379577
A387,0.5838135674595832
A388,0.798491370677948
A389,0.7992891430854797
A390,0.6374414592981339
A391,0.799171757698059
A392,0.7738759398460389
A393,0.7998950839042663
A394,0.7995282292366028
A395,0.7998963594436646
A396,0.7982120037078857
A397,0.7949219465255737
A398,0.798797881603241
A399,0.7959109425544739
A400,0.6291775166988373
A401,0.5700949434190988
A402,0.7993584752082825
A403,0.7408682823181152
A404,0.7957627415657044
A405,0.7998791575431824
A406,0.7582861304283142
A407,0.7948961973190307
A408,0.7940102458000183
A409,0.6505026042461395
A410,0.7999068140983582
A411,0.6901486217975616
A412,0.6554886519908905
A413,0.7983723282814026
A414,0.5231927141547204
A415,0.6304809629917145
A416,0.7318827271461487
A417,0.7999798059463501
A418,0.7329875111579895
A419,0.48908734796568754
A420,0.7979505062103271
A421,0.7977054595947266
A422,0.7991151332855224
A423,0.7971364617347717
A424,0.7970557570457458
A425,0.7909269571304322
A426,0.5897773504257202
A427,0.4448656185530126
A428,0.7994750738143921
A429,0.7998538613319397
A430,0.7964558482170105
A431,0.7328848481178284
A432,0.6965760350227356
A433,0.7977668642997742
A434,0.799309492111206
A435,0.666460782289505
A436,0.6191235035657883
A437,0.7979794144630432
A438,0.7998720407485962
A439,0.7941768884658813
A440,0.6615426719188691
A441,0.7061554074287415
A442,0.7605311512947083
A443,0.799622118473053
A444,0.7977619051933289
A445,0.7939819455146789
A446,0.7941299796104431
A447,0.799512779712677
A448,0.7992557525634766
A449,0.6880748450756073
A450,0.7998836636543274
A451,0.7937485098838806
A452,0.7913385152816772
A453,0.7985311269760131
A454,0.797385823726654
A455,0.76001136302948
A456,0.7971673011779785
A457,0.7805353999137878
A458,0.7323485851287842
A459,0.7990616202354431
A460,0.7997445225715637
A461,0.7948076486587524
A462,0.7439000844955445
A463,0.7639032483100892
A464,0.7998198866844177
A465,0.7743348121643067
A466,0.7443753004074096
A467,0.6386171668767929
A468,0.6561361789703369
A469,0.7925115942955017
A470,0.7997448563575744
A471,0.7993858337402344
A472,0.799740195274353
A473,0.7939824819564819
A474,0.7452615022659301
A475,0.7790426135063171
A476,0.7971132040023804
A477,0.7896976232528686
A478,0.7997760057449341
A479,0.7987051486968995
A480,0.7729851722717285
A481,0.6070522651076317
A482,0.7954386591911315
A483,0.7948925971984864
A484,0.7959444046020507
A485,0.6970516324043274
A486,0.7950001358985901
A487,0.797738254070282
A488,0.7184404134750366
A489,0.7142659783363342
A490,0.7594941973686218
A491,0.7982755661010742
A492,0.793241310119629
A493,0.7526672124862671
A494,0.787700092792511
A495,0.46039662421826505
A496,0.7980978727340698
A497,0.7860568761825562
A498,0.788357412815094
A499,0.7999792098999023
A500,0.7810413479804993
A501,0.735196876525879
A502,0.7986530780792236
A503,0.7997884035110474
A504,0.7961281776428223
A505,0.6512084603309631
A506,0.7944564819335938
A507,0.7898821473121643
A508,0.7979794859886169
A509,0.7990225315093994
A510,0.7915915250778198
A511,0.7840533018112182
A512,0.7948456287384034
A513,0.6749662578105926
A514,0.5988198682665825
A515,0.7329043269157409
A516,0.5668824218213558
A517,0.7991861939430237
A518,0.788238251209259
A519,0.7955513596534729
A520,0.3836030094880698
A521,0.7976269125938416
A522,0.7971572399139404
A523,0.7984922766685486
A524,0.6130846440792084
A525,0.7693284034729004
A526,0.7955803394317627
A527,0.7989757180213928
A528,0.5421424447231402
A529,0.7953971147537231
A530,0.7992616415023803
A531,0.7988649845123291
A532,0.5865845263004303
A533,0.7021337270736694
A534,0.7992245554924011
A535,0.7611040115356446
A536,0.7961804747581482
A537,0.7976765632629395
A538,0.7882772326469422
A539,0.7888155341148376
A540,0.6845556974411011
A541,0.7851715683937073
A542,0.7832510590553283
A543,0.7954977035522461
A544,0.7987152934074402
A545,0.2481599651655415
A546,0.7987488627433776
A547,0.7998789191246033
A548,0.7998005747795105
A549,0.7971414923667908
A550,0.7901063084602356
A551,0.7995658159255982
A552,0.7975428938865662
A553,0.7995411276817321
A554,0.7992025852203369
A555,0.7984569907188416
A556,0.7933203101158142
A557,0.5264021724462509
A558,0.7979456901550293
A559,0.7945423603057862
A560,0.7889548063278198
A561,0.7983153820037842
A562,0.7913259506225586
A563,0.7995049118995666
A564,0.735262668132782
A565,0.7784785628318787
A566,0.7998354196548462
A567,0.786082124710083
A568,0.7996869802474975
A569,0.7999881744384766
A570,0.798517394065857
A571,0.6559003055095672
A572,0.7943541884422303
A573,0.7183858156204224
A574,0.7907288432121277
A575,0.7988691210746766
A576,0.7937914133071899
A577,0.7986358880996705
A578,0.5888163923285902
A579,0.7989799499511718
A580,0.7934357285499573
A581,0.6050813615322113
A582,0.7910836935043335
A583,0.7966760635375977
A584,0.43604017965262754
A585,0.7935450077056885
A586,0.5463036118191666
A587,0.7996637940406799
A588,0.7151384711265564
A589,0.7955669403076172
A590,0.3990881086792797
A591,0.7993251204490661
A592,0.7948896646499634
A593,0.7981607556343079
A594,0.7939741730690002
A595,0.5925541577817057
A596,0.588243842124939
A597,0.7968081355094909
A598,0.7300108790397644
A599,0.798675787448883
A600,0.795418095588684
A601,0.7995881080627442
A602,0.7856047034263611
A603,0.7841618657112122
A604,0.749573576450348
A605,0.6011965155601502
A606,0.779677939414978
A607,0.7918657302856446
A608,0.7916676998138428
A609,0.7913305640220643
A610,0.7998222470283508
A611,0.6050129756331444
A612,0.7996633887290955
A613,0.799813735485077
A614,0.7993210077285766
A615,0.7998129367828369
A616,0.7995740175247192
A617,0.7767491459846496
A618,0.7989686489105224
A619,0.7998196721076966
A620,0.7927003383636475
A621,0.7950667619705201
A622,0.7978664398193359
A623,0.7994413614273072
A624,0.7992723226547241
A625,0.7987462162971497
A626,0.5613324165344238
A627,0.6554281175136566
A628,0.6156332224607468
A629,0.798900032043457
A630,0.7993628501892089
A631,0.7979205131530762
A632,0.796751344203949
A633,0.7986730456352233
A634,0.7910672903060914
A635,0.7992028832435608
A636,0.7999077439308167
A637,0.7976936459541321
A638,0.7996569395065307
A639,0.7996990203857421
A640,0.7974730968475342
A641,0.7982619285583497
A642,0.7985564947128296
A643,0.7966662526130677
A644,0.7975348114967347
A645,0.6632394313812255
A646,0.6076785027980804
A647,0.4878215368371457
A648,0.5613494098186493
A649,0.7412996053695678
A650,0.717828893661499
A651,0.7979497671127319
A652,0.7006450653076172
A653,0.5151499755680561
A654,0.7996466994285584
A655,0.799618911743164
A656,0.799617326259613
A657,0.7991060853004456
A658,0.7998746871948242
A659,0.5642304370179773
A660,0.4107080767353182
A661,0.4026802278123796
A662,0.7990165591239929
A663,0.7913010716438293
A664,0.7175486803054809
A665,0.7849680781364441
A666,0.5601317450404167
A667,0.5663208678364754
A668,0.7422107696533203
A669,0.7971600890159607
A670,0.7992710947990418
A671,0.5604592323303222
A672,0.7711439013481141
A673,0.7967757105827331
A674,0.7996554136276245
A675,0.7980693578720093
A676,0.7999048948287963
A677,0.7997880578041077
A678,0.7965276837348938
A679,0.7928558707237243
A680,0.7806408524513244
A681,0.7934486389160156
A682,0.7912810921669007
A683,0.7979083299636841
A684,0.7413861274719238
A685,0.6038082398474216
A686,0.5684365707216784
A687,0.6537027657032013
A688,0.7914932250976563
A689,0.673519492149353
A690,0.571078700851649
A691,0.4803758814683533
A692,0.36366924069493506
A693,0.5610776789486408
A694,0.4593270476296311
A695,0.5153216211590916
A696,0.6116988897323609
A697,0.7614509582519531
A698,0.7992368102073669
A699,0.7988144755363464
A700,0.7499490261077881
A701,0.7874789118766785
A702,0.7992457747459412
A703,0.7917885661125184
A704,0.7988764047622681
A705,0.7992677927017212
A706,0.7995439767837524
A707,0.7977267026901245
A708,0.7996816992759704
A709,0.7996267795562744
A710,0.7920480966567993
A711,0.7977649807929993
A712,0.7993336081504822
A713,0.7063808441162109
A714,0.7958359837532043
A715,0.6978195548057556
A716,0.7955159783363343
A717,0.7110721468925476
A718,0.7837104201316833
A719,0.6545764982700348
A720,0.5955308917909861
A721,0.7955590486526489
A722,0.7995487689971924
A723,0.752936041355133
A724,0.5700358926784247
A725,0.5760693906806409
A726,0.5599116191093344
A727,0.7981490731239319
A728,0.7976664543151856
A729,0.5869926810264587
A730,0.6119317919015884
A731,0.7974869966506958
A732,0.5924894411116839
A733,0.733391273021698
A734,0.7873107075691224
A735,0.7997371196746826
A736,0.6354101538658142
A737,0.56125428378582
A738,0.6612972497940064
A739,0.7766294479370117
A740,0.3715802623453783
A741,0.7872189879417419
A742,0.6098085716366768
A743,0.6293765038251877
A744,0.7959706306457519
A745,0.7999309182167054
A746,0.7982289433479309
A747,0.7996890664100647
A748,0.7667470455169678
A749,0.5972774978727102
A750,0.7120635867118835
A751,0.5776729939505458
A752,0.7797003865242005
A753,0.7982761859893799
A754,0.7540209770202637
A755,0.7996602058410645
A756,0.7998437643051147
A757,0.7916153907775879
A758,0.7813748598098755
A759,0.6207795739173889
A760,0.6727816224098205
A761,0.7974765181541443
A762,0.6145909622311592
A763,0.7936414480209351
A764,0.5997540853917599
A765,0.7981708168983459
A766,0.7946166038513184
A767,0.799239206314087
A768,0.7992064952850342
A769,0.7468610525131225
A770,0.7948312759399414
A771,0.7787479519844055
A772,0.7948849201202393
A773,0.7232600927352906
A774,0.5951492056250572
A775,0.48729322601575403
A776,0.7948063731193542
A777,0.5813451927620917
A778,0.7963027834892273
A779,0.7867715954780579
A780,0.7936182975769043
A781,0.7756211757659912
A782,0.4847134789801203
A783,0.6982949495315551
A784,0.444812728674151
A785,0.7357291579246521
A786,0.797660231590271
A787,0.7943192005157471
A788,0.46141538172960284
A789,0.7944339036941528
A790,0.7847394466400146
A791,0.7983073830604553
A792,0.7495119214057923
A793,0.7878363013267518
A794,0.7996804356575012
A795,0.7989654541015625
A796,0.7419782042503357
A797,0.5741778889670968
A798,0.5722251454368233
A799,0.5701174767687917
A800,0.5348811143543571
A801,0.7691343903541565
A802,0.5946767121553421
A803,0.7917897939682007
A804,0.796832799911499
A805,0.7460492968559265
A806,0.797162663936615
A807,0.6545494854450226
A808,0.7501656651496887
A809,0.7228934407234192
A810,0.7430270433425903
A811,0.7962640523910522
A812,0.7998700022697449
A813,0.7999022245407105
A814,0.7996153950691223
A815,0.7927685737609863
A816,0.6006263755261898
A817,0.6824446737766265
A818,0.7262746810913085
A819,0.7994011521339417
A820,0.7997284412384034
A821,0.7998078107833863
A822,0.7992358326911926
A823,0.7238470673561096
A824,0.7990450978279113
A825,0.7982372164726257
A826,0.7997642040252686
A827,0.7966456890106202
A828,0.7257572412490845
A829,0.793510639667511
A830,0.7826369404792786
A831,0.7995487928390503
A832,0.7992268919944763
A833,0.7263055324554444
A834,0.7885545492172241
A835,0.7877332925796509
A836,0.7991767883300781
A837,0.797886598110199
A838,0.7222122073173523
A839,0.7984737873077392
A840,0.799797248840332
A841,0.7743624925613404
A842,0.7992422342300415
A843,0.7987777471542359
A844,0.7995702028274536
A845,0.5402457639575005
A846,0.6540955483913422
A847,0.7996153354644775
A848,0.7995431542396545
A849,0.7993002295494079
A850,0.7994910836219787
A851,0.7994058966636658
A852,0.7961551070213317
A853,0.6421514719724655
A854,0.7780224561691285
A855,0.7990639686584473
A856,0.7876121044158936
A857,0.6179827734827995
A858,0.7871238946914673
A859,0.6414715409278869
A860,0.7087121605873108
A861,0.7890393733978271
A862,0.6155247271060944
A863,0.7733842968940735
A864,0.7950152039527894
A865,0.79971923828125
A866,0.7998188972473145
A867,0.7999164581298828
A868,0.799258029460907
A869,0.7702008366584778
A870,0.7753602266311646
A871,0.7973164319992065
A872,0.5996490120887756
A873,0.794481348991394
A874,0.7996150374412536
A875,0.792466402053833
A876,0.7975404381752014
A877,0.7974594950675964
A878,0.798702347278595
A879,0.7974811792373657
A880,0.7997796416282654
A881,0.7999101996421814
A882,0.7891809463500976
A883,0.7936128616333008
A884,0.7621492266654968
A885,0.7404078364372253
A886,0.7150723576545716
A887,0.796391761302948
A888,0.7963094472885132
A889,0.7987713694572449
A890,0.7818934082984924
A891,0.7996875047683716
A892,0.7851182818412781
A893,0.7995648145675659
A894,0.6027969963848591
A895,0.7998025774955749
A896,0.7943388938903808
A897,0.5705678105354309
A898,0.7826295018196106
A899,0.6165959954261779
A900,0.4401264248881489
A901,0.6028076604008674
A902,0.6514247477054596
A903,0.6365281283855438
A904,0.7961550951004028
A905,0.7358938574790954
A906,0.7577011227607727
A907,0.7662365317344666
A908,0.7928888678550721
A909,0.7124424695968627
A910,0.7956636548042297
A911,0.7990975141525268
A912,0.6795530140399932
A913,0.7979095220565796
A914,0.6878657341003418
A915,0.545806392468512
A916,0.5949438214302063
A917,0.7964665055274963
A918,0.798011839389801
A919,0.7991662979125976
A920,0.7986760377883911
A921,0.79617760181427
A922,0.7914364695549011
A923,0.7763579607009887
A924,0.7907313346862793
A925,0.688674396276474
A926,0.7167440772056579
A927,0.7717386960983277
A928,0.7795282006263733
A929,0.7968639612197876
A930,0.7967803359031678
A931,0.7979338765144348
A932,0.7990990877151489
A933,0.7723663091659546
A934,0.7991397261619568
A935,0.7996307611465454
A936,0.799712312221527
A937,0.7986594557762146
A938,0.7918064594268799
A939,0.7988944292068482
A940,0.7891457915306092
A941,0.7935253381729126
A942,0.7729000210762024
A943,0.6786449253559113
A944,0.6789177000522614
A945,0.649757981300354
A946,0.7289884567260743
A947,0.79320307970047
A948,0.795755922794342
A949,0.5364153921604157
A950,0.7990034580230713
A951,0.7976749062538147
A952,0.799487853050232
A953,0.7987885713577271
A954,0.7993301749229431
A955,0.7993034839630127
A956,0.7887688994407653
A957,0.7997735500335693
A958,0.7919372320175171
A959,0.7960671782493591
A960,0.7896265387535095
A961,0.7936644315719604
A962,0.7975905299186706
A963,0.6376485317945481
A964,0.7351698398590087
A965,0.7471014738082886
A966,0.7982301592826844
A967,0.7621538639068604
A968,0.5978988572955132
A969,0.7125578761100769
A970,0.7925996899604797
A971,0.7994557380676269
A972,0.6971633434295654
A973,0.7969685435295105
A974,0.7982042551040649
A975,0.7998642325401306
A976,0.7997620463371277
A977,0.7999426245689392
A978,0.7996856570243835
A979,0.7998476028442383
A980,0.7997122645378113
A981,0.6902399778366088
A982,0.7930164575576782
A983,0.7630068778991699
A984,0.7978581070899964
A985,0.7970194816589355
A986,0.7952706694602967
A987,0.6253649771213532
A988,0.725442087650299
A989,0.432554479688406
A990,0.6717225670814514
A991,0.7011728048324585
A992,0.7647259116172791
A993,0.5511183852329851
A994,0.4112580149434507
A995,0.546291833370924
A996,0.7941140532493591
A997,0.7995855212211609
A998,0.7973211646080017
A999,0.7875993967056274
A1000,0.7645605325698852
A1001,0.7981756448745727
A1002,0.7875231504440308
A1003,0.7998093724250793
A1004,0.7998440980911254
A1005,0.799507200717926
A1006,0.7881731152534485
A1007,0.7968975186347962
A1008,0.7580131769180298
A1009,0.7983106851577759
A1010,0.7997095465660096
A1011,0.7985214352607727
A1012,0.6335278213024139
A1013,0.633955055475235
A1014,0.7994217157363892
A1015,0.6256778985261917
A1016,0.7432630777359008
A1017,0.5860745400190354
A1018,0.7997897624969482
A1019,0.7962519764900208
A1020,0.7984252214431763
A1021,0.3589495545893442
A1022,0.2960959985852242
A1023,0.33859162704939083
A1024,0.5571738988161087
A1025,0.7927320957183838
A1026,0.799202048778534
A1027,0.7957668304443359
A1028,0.7996501088142395
A1029,0.7986656069755554
A1030,0.6758155405521393
A1031,0.5904943756759167
A1032,0.5904786491111735
A1033,0.5991354150697589
A1034,0.7773987293243408
A1035,0.7999479413032532
A1036,0.7994955539703369
A1037,0.5621348198503255
A1038,0.7978373408317566
A1039,0.7992124557495117
A1040,0.617468711733818
A1041,0.7953855633735657
A1042,0.78583242893219
A1043,0.7992462277412414
A1044,0.7963963747024536
A1045,0.7869847536087036
A1046,0.7987095355987549
A1047,0.7871204972267151
A1048,0.7903128623962402
A1049,0.5871571116149426
A1050,0.7987670183181763
A1051,0.7974015474319458
A1052,0.7903391003608704
A1053,0.5436363086104393
A1054,0.7895935773849487
A1055,0.7943012356758118
A1056,0.78469477891922
A1057,0.7872766852378845
A1058,0.5427184550091624
A1059,0.7993753314018249
A1060,0.7993105411529541
A1061,0.799638319015503
A1062,0.7993826031684875
A1063,0.7937000155448913
A1064,0.7992786765098572
A1065,0.7986727595329285
A1066,0.7996355533599854
A1067,0.7950135707855225
A1068,0.5607352145016193
A1069,0.7762670278549194
A1070,0.7937919974327088
A1071,0.796506929397583
A1072,0.7823558211326599
A1073,0.7773800849914551
A1074,0.7627505660057068
A1075,0.43820847272872926
A1076,0.46586269438266753
A1077,0.5527763798832893
A1078,0.6604808986186981
A1079,0.7926907777786255
A1080,0.7961085796356201
A1081,0.7982055306434631
A1082,0.7985766053199768
A1083,0.7964773058891297
A1084,0.7994633197784424
A1085,0.7973479270935059
A1086,0.7784111499786377
A1087,0.7925225138664246
A1088,0.7998902440071106
A1089,0.7992319107055664
A1090,0.7989747762680054
A1091,0.7698204517364502
A1092,0.7885227799415588
A1093,0.7924233555793763
A1094,0.785343074798584
A1095,0.7675827383995056
A1096,0.798995852470398
A1097,0.7986719131469726
A1098,0.7968621492385864
A1099,0.7842211127281189
A1100,0.7980871558189392
A1101,0.7940630555152893
A1102,0.5408156111836433
A1103,0.7865660667419434
A1104,0.7917879223823547
A1105,0.7962416887283326
A1106,0.7979527950286865
A1107,0.7911890149116516
A1108,0.796182382106781
A1109,0.603783255815506
A1110,0.5946663096547127
A1111,0.7536056280136109
A1112,0.7966856837272644
A1113,0.7975334405899048
A1114,0.3861248374627394
A1115,0.696360182762146
A1116,0.43576451821154477
A1117,0.5015995990208466
A1118,0.5894993654685095
A1119,0.5579310078068375
A1120,0.7700753331184387
A1121,0.777886974811554
A1122,0.5355384805006906
A1123,0.45865138825029134
A1124,0.5807750299572945
A1125,0.6674957275390625
A1126,0.7986208200454712
A1127,0.7961048126220703
A1128,0.7923743605613709
A1129,0.7985402584075928
A1130,0.7989231824874878
A1131,0.7977342724800109
A1132,0.7995490193367004
A1133,0.7998326659202576
A1134,0.7996647357940674
A1135,0.7987187027931213
A1136,0.7987426519393921
A1137,0.7532306551933289
A1138,0.7889964580535889
A1139,0.7910617113113403
A1140,0.7987710237503052
A1141,0.5960388243198395
A1142,0.798092496395111
A1143,0.7880014061927796
A1144,0.7970816493034363
A1145,0.6584333062171936
A1146,0.7973342418670655
A1147,0.799584150314331
A1148,0.7981476545333862
A1149,0.7985032320022583
A1150,0.7997562289237976
A1151,0.7998738765716553
A1152,0.7998137950897217
A1153,0.6501731216907501
A1154,0.5809269443154335
A1155,0.7252071857452392
A1156,0.7128390550613404
A1157,0.6939754366874695
A1158,0.6490540862083435
A1159,0.6120258525013924
A1160,0.7997840285301209
A1161,0.7969637036323547
A1162,0.7988747954368591
A1163,0.7839448928833008
A1164,0.7989694952964783
A1165,0.7995444297790527
A1166,0.5946208575624041
A1167,0.719301700592041
A1168,0.7235970139503479
A1169,0.7517399191856384
A1170,0.5984962909016758
A1171,0.5132658027112484
A1172,0.7578357458114624
A1173,0.63784419298172
A1174,0.769349205493927
A1175,0.7821810245513916
A1176,0.7981549859046936
A1177,0.7992589116096497
A1178,0.7989412188529968
A1179,0.7452914834022522
A1180,0.5972202382981777
A1181,0.5927105866372585
A1182,0.5863703623414039
A1183,0.6653801321983337
A1184,0.6794134914875031
A1185,0.5633531408617273
A1186,0.7734979033470154
A1187,0.5505152498255483
A1188,0.49082431198621634
A1189,0.754244041442871
A1190,0.6207060098648072
A1191,0.7975451111793518
A1192,0.7957052826881409
A1193,0.5500716246664524
A1194,0.5065029919613153
A1195,0.7916041016578674
A1196,0.7991995692253113
A1197,0.7995644927024841
A1198,0.7994647741317749
A1199,0.7988457679748535
A1200,0.7997403621673584
A1201,0.7995132207870483
A1202,0.799905514717102
A1203,0.7983317136764526
A1204,0.7998411178588867
A1205,0.7962500214576721
A1206,0.7950653791427612
A1207,0.7997703075408935
A1208,0.7996786236763
A1209,0.7706647634506225
A1210,0.6151838660240173
A1211,0.7986956119537354
A1212,0.5950235884636641
A1213,0.772177004814148
A1214,0.7926974892616272
A1215,0.798645532131195
A1216,0.6650419950485229
A1217,0.7774029970169067
A1218,0.5723535478115082
A1219,0.5185423977673054
A1220,0.5392580971121788
A1221,0.5666943669319153
A1222,0.7969503402709961
A1223,0.7997653007507324
A1224,0.648355507850647
A1225,0.4672051561065018
A1226,0.7007481813430786
A1227,0.7776214122772217
A1228,0.6501074075698853
A1229,0.7969892501831055
A1230,0.7991009712219238
A1231,0.7992013335227967
A1232,0.7192693233489991
A1233,0.7997160196304322
A1234,0.7985421538352966
A1235,0.797535502910614
A1236,0.7912899851799011
A1237,0.7997494220733643
A1238,0.7998534321784974
A1239,0.7999619841575623
A1240,0.7972090482711792
A1241,0.6829159021377563
A1242,0.49543146157520823
A1243,0.44071868781757073
A1244,0.4134256801324227
A1245,0.40555013174392796
A1246,0.48841850548051297
A1247,0.4944013894535601
A1248,0.5484375256928615
A1249,0.5746611630544066
A1250,0.6064043417572975
A1251,0.7879973888397217
A1252,0.7896144390106201
A1253,0.7605935096740722
A1254,0.7906433820724488
A1255,0.7994064211845398
A1256,0.7950337409973145
A1257,0.7983951091766357
A1258,0.7936056017875671
A1259,0.7947444319725037
A1260,0.7989728450775146
A1261,0.7997333765029907
A1262,0.7997731685638427
A1263,0.7969861507415772
A1264,0.7809470772743226
A1265,0.7992562294006348
A1266,0.7895736336708069
A1267,0.7873613238334656
A1268,0.7446057796478271
A1269,0.7841475248336792
A1270,0.7860572695732116
A1271,0.7946567535400391
A1272,0.7986754179000854
A1273,0.7979685306549072
A1274,0.7974344372749329
A1275,0.5651863999199123
A1276,0.5897038847208023
A1277,0.5983649632893503
A1278,0.7965099692344666
A1279,0.797919499874115
A1280,0.7976355075836181
A1281,0.7681740641593933
A1282,0.7993037581443787
A1283,0.7980737209320068
A1284,0.5560844875872135
A1285,0.6983453154563903
A1286,0.6465547978878021
A1287,0.49434866312658415
A1288,0.7051764607429505
A1289,0.7939923286437989
A1290,0.7638750433921814
A1291,0.7623498201370239
A1292,0.573724223463796
A1293,0.589628703892231
A1294,0.5604880827479064
A1295,0.6685299634933471
A1296,0.4933861389756203
A1297,0.6271824955940246
A1298,0.7863690614700317
A1299,0.7839545607566833
A1300,0.7939944863319397
A1301,0.7978539347648621
A1302,0.7993694424629212
A1303,0.7985838532447815
A1304,0.7753464698791503
A1305,0.6890831470489502
A1306,0.7613845348358155
A1307,0.7524173140525818
A1308,0.6983849883079529
A1309,0.7909260869026185
A1310,0.5644343346415553
A1311,0.5688501407392323
A1312,0.7957834124565124
A1313,0.5914195497520268
A1314,0.7970836162567139
A1315,0.7966353178024292
A1316,0.6108592182397843
A1317,0.7210214734077454
A1318,0.5955857440829277
A1319,0.5885620173066854
A1320,0.7947141647338867
A1321,0.7823087334632873
A1322,0.7997158288955688
A1323,0.7994790077209473
A1324,0.7999913692474365
A1325,0.7989811062812805
A1326,0.6223361790180206
A1327,0.7994108319282531
A1328,0.7997001528739929
A1329,0.7999719381332397
A1330,0.799475622177124
A1331,0.7999236702919006
A1332,0.7998477101325989
A1333,0.799736762046814
A1334,0.7885541319847107
A1335,0.44133241549134256
A1336,0.775969636440277
A1337,0.7984551548957824
A1338,0.7998686552047729
A1339,0.7999401688575745
A1340,0.7993452906608581
A1341,0.7067505836486816
A1342,0.7975033044815063
A1343,0.7982770204544067
A1344,0.619247031211853
A1345,0.6545935094356536
A1346,0.7992465019226074
A1347,0.7994715929031372
A1348,0.7299199819564819
A1349,0.5821764051914216
A1350,0.795843756198883
A1351,0.7996038436889649
A1352,0.7936899781227111
A1353,0.7155641436576843
A1354,0.796975028514862
A1355,0.7869040489196777
A1356,0.7983494877815247
A1357,0.793479573726654
A1358,0.7454975247383118
A1359,0.6672624468803405
A1360,0.7516285061836243
A1361,0.7999573349952698
A1362,0.7996120929718018
A1363,0.7996719002723693
A1364,0.7561021089553833
A1365,0.7997577905654907
A1366,0.7218406319618225
A1367,0.7994120359420777
A1368,0.7907102823257446
A1369,0.7165143370628357
A1370,0.6101724915206432
A1371,0.7882951140403748
A1372,0.7982084035873414
A1373,0.795078694820404
A1374,0.7938513398170471
A1375,0.7537543892860412
A1376,0.7989961981773377
A1377,0.7990146756172181
A1378,0.7992085695266724
A1379,0.7996461153030395
A1380,0.7993661403656006
A1381,0.7990756273269654
A1382,0.7956679224967956
A1383,0.799878466129303
A1384,0.6359274685382843
A1385,0.5621928437612951
A1386,0.5865547128720209
A1387,0.794407069683075
A1388,0.7950077891349793
A1389,0.7619078516960144
A1390,0.7994589686393738
A1391,0.798697566986084
A1392,0.5808817714452743
A1393,0.5766480237245559
A1394,0.5986404902301729
A1395,0.7996379256248474
A1396,0.7556946039199829
A1397,0.7998500943183899
A1398,0.777237594127655
A1399,0.7997872710227967
A1400,0.7700384497642517
A1401,0.7980918288230896
A1402,0.7989868760108948
A1403,0.7953471302986145
A1404,0.7951481819152832
A1405,0.7574960470199585
A1406,0.673238480091095
A1407,0.7810631394386292
A1408,0.7962741613388061
A1409,0.6657466530799866
A1410,0.5862934596836566
A1411,0.7985290050506592
A1412,0.7276311397552491
A1413,0.6052217215299607
A1414,0.6074621319770813
A1415,0.7977577567100524
A1416,0.719573700428009
A1417,0.7872112631797791
A1418,0.7755651235580444
A1419,0.6922179400920868
A1420,0.7936783909797669
A1421,0.7959876537322998
A1422,0.7989343166351318
A1423,0.799808669090271
A1424,0.725333571434021
A1425,0.7967988848686218
A1426,0.7669442653656006
A1427,0.7987848401069642
A1428,0.7975478410720825
A1429,0.7981992483139038
A1430,0.7368225574493408
A1431,0.6289719343185425
A1432,0.5574844859540462
A1433,0.5514672509059892
A1434,0.5781454127922189
A1435,0.5891431475080026
A1436,0.7959518194198608
A1437,0.5463915839325637
A1438,0.5401242505759001
A1439,0.778314733505249
A1440,0.6034043431282043
A1441,0.6041615098714829
A1442,0.7879273533821106
A1443,0.7343178749084472
A1444,0.6653194785118103
A1445,0.7759523868560791
A1446,0.7970120429992675
A1447,0.6966879844665528
A1448,0.7854487061500549
A1449,0.7295670509338379
A1450,0.787017571926117
A1451,0.7800120711326599
A1452,0.7629012942314148
A1453,0.5734851956367493
A1454,0.7885839343070984
A1455,0.7837383151054382
A1456,0.7998564124107361
A1457,0.7994062423706054
A1458,0.7996057152748108
A1459,0.7998072266578674
A1460,0.7998114466667176
A1461,0.7993268847465516
A1462,0.7991528272628784
A1463,0.7993585586547851
A1464,0.7984425783157348
A1465,0.7814356446266174
A1466,0.7065779805183411
A1467,0.7151313900947571
A1468,0.7824330925941467
A1469,0.745111083984375
A1470,0.7951934933662415
A1471,0.7991726875305176
A1472,0.7981956601142883
A1473,0.7786488056182861
A1474,0.7995970964431762
A1475,0.7985613703727722
A1476,0.491737237223424
A1477,0.4411786403041333
A1478,0.3832903270933457
A1479,0.3948786890599877
A1480,0.3985807371143892
A1481,0.2748818744747844
A1482,0.7497812628746032
A1483,0.6126142412424087
A1484,0.5075304497935577
A1485,0.5593524994328618
A1486,0.5793275505304336
A1487,0.5834796523151453
A1488,0.6253052055835724
A1489,0.7997161388397217
A1490,0.7999147295951843
A1491,0.7990382552146912
A1492,0.7991469621658325
A1493,0.7998908519744873
A1494,0.7999026536941528
A1495,0.7996906280517578
A1496,0.7996568322181702
A1497,0.7998642683029175
A1498,0.6242343336343765
A1499,0.7629952907562256
A1500,0.7863054037094116
A1501,0.7631531834602356
A1502,0.7968182444572449
A1503,0.7983038306236268
A1504,0.799299442768097
A1505,0.7981606245040893
A1506,0.7997995853424072
A1507,0.7995954632759095
A1508,0.7549329996109009
A1509,0.5443387016654014
A1510,0.48466820563189683
A1511,0.5335243527893908
A1512,0.5218318996485323
A1513,0.36367849713060424
A1514,0.5780702576041221
A1515,0.6823482155799866
A1516,0.5773874746490038
A1517,0.5648989062290639
A1518,0.7919480919837951
A1519,0.7974196791648864
A1520,0.7639591932296753
A1521,0.7979977488517761
A1522,0.7985964179039001
A1523,0.7999355792999268
A1524,0.7911663889884949
A1525,0.7995520114898682
A1526,0.43508904085028915
A1527,0.7181703805923462
A1528,0.769099485874176
A1529,0.7951375126838685
A1530,0.53134559757018
A1531,0.5537808693945407
A1532,0.7749345779418946
A1533,0.7889762878417969
A1534,0.7991714477539062
A1535,0.7902979373931884
A1536,0.779815411567688
A1537,0.7732600450515748
A1538,0.79349604845047
A1539,0.7996110677719116
A1540,0.7983442902565002
A1541,0.7997994899749756
A1542,0.7985148549079895
A1543,0.7995270729064942
A1544,0.7999341726303101
A1545,0.7999269366264343
A1546,0.7999355792999268
A1547,0.5622452937066555
A1548,0.7701121926307678
A1549,0.7092811465263367
A1550,0.5656946920324117
A1551,0.7959717988967896
A1552,0.6022471249103546
A1553,0.6680385828018188
A1554,0.7997463464736938
A1555,0.791549563407898
A1556,0.7422202825546265
A1557,0.7446964979171753
A1558,0.6448388516902923
A1559,0.7851288676261902
A1560,0.7984158992767334
A1561,0.772790002822876
A1562,0.7998293519020081
A1563,0.7963225364685058
A1564,0.6264503836631775
A1565,0.7026424407958984
A1566,0.797364330291748
A1567,0.7999488592147828
A1568,0.7893616676330566
A1569,0.7490184545516968
A1570,0.7981556177139282
A1571,0.798255205154419
A1572,0.7984435081481933
A1573,0.7963361501693725
A1574,0.7998627662658692
A1575,0.7999418616294861
A1576,0.7946023583412171
A1577,0.7957266926765442
A1578,0.7918471097946167
A1579,0.7974440693855286
A1580,0.7989081501960754
A1581,0.79986172914505
A1582,0.7998653888702393
A1583,0.780915367603302
A1584,0.7739702463150024
A1585,0.7544046878814697
A1586,0.793426251411438
A1587,0.7978775501251221
A1588,0.7987007975578309
A1589,0.7943629384040832
A1590,0.7956905126571655
A1591,0.7195993065834045
A1592,0.5983835756778717
A1593,0.7976903080940246
A1594,0.7957412719726562
A1595,0.7890539407730103
A1596,0.7927060723304749
A1597,0.7986663103103637
A1598,0.7202598810195923
A1599,0.6774912893772125
A1600,0.7998578786849976
A1601,0.7983222961425781
A1602,0.6651846468448639
A1603,0.7967253923416138
A1604,0.7988769054412842
A1605,0.5856838572770358
A1606,0.7177416205406189
A1607,0.522384940374468
A1608,0.7959282040596009
A1609,0.7995592474937439
A1610,0.799486780166626
A1611,0.7998190522193909
A1612,0.7998448848724365
A1613,0.7994666814804077
A1614,0.7991752743721008
A1615,0.7693941950798034
A1616,0.7555217862129211
A1617,0.6651347398757934
A1618,0.7835955500602723
A1619,0.7992405414581298
A1620,0.7968068838119506
A1621,0.5382944516837597
A1622,0.799946391582489
A1623,0.799710750579834
A1624,0.7944193482398987
A1625,0.7960827946662903
A1626,0.6980486512184143
A1627,0.7856231927871704
A1628,0.7903052687644958
A1629,0.4309088172623888
A1630,0.49226152896881104
A1631,0.7957074880599976
A1632,0.7960755944252014
A1633,0.7870579600334168
A1634,0.5944202847778797
A1635,0.7980377674102783
A1636,0.27232424438343444
A1637,0.438926533520862
A1638,0.5587560668587684
A1639,0.7808427333831787
A1640,0.7960737347602844
A1641,0.7987522959709168
A1642,0.554179285466671
A1643,0.4804616540670395
A1644,0.5187827765941619
A1645,0.7937325358390808
A1646,0.7859512686729431
A1647,0.7583577275276184
A1648,0.5612300146371126
A1649,0.7935145974159241
A1650,0.7986066818237305
A1651,0.7462136387825012
A1652,0.7744017481803894
A1653,0.562053382396698
A1654,0.7863979935646057
A1655,0.7901702404022217
A1656,0.7929105639457703
A1657,0.7989525437355042
A1658,0.7976988196372986
A1659,0.7939983367919922
A1660,0.7995512366294861
A1661,0.7987689852714539
A1662,0.7824187636375427
A1663,0.644469290971756
A1664,0.5506024266593158
A1665,0.4390746803095681
A1666,0.518579025939107
A1667,0.7597592234611511
A1668,0.781860888004303
A1669,0.794526207447052
A1670,0.7978432893753051
A1671,0.6890105605125427
A1672,0.7469885110855102
A1673,0.4890770989411976
A1674,0.5086672857330996
A1675,0.5970523610711098
A1676,0.5598716812208295
A1677,0.6956848621368408
A1678,0.7983856081962586
A1679,0.7996301054954529
A1680,0.7998985767364502
A1681,0.7993989586830139
A1682,0.7996123671531677
A1683,0.7893638134002685
A1684,0.7968019604682922
A1685,0.7678625583648682
A1686,0.45539838252589104
A1687,0.5180661249905825
A1688,0.6941899657249451
A1689,0.5291209742426872
A1690,0.7921970963478089
A1691,0.7795528531074524
A1692,0.7441130757331849
A1693,0.6606688380241394
A1694,0.6983956336975098
A1695,0.774860429763794
A1696,0.5450705462833867
A1697,0.5331816836260259
A1698,0.42407717402093115
A1699,0.4636015387251973
A1700,0.6010001629590989
A1701,0.7864742755889893
A1702,0.7626734614372254
A1703,0.7971888303756713
A1704,0.7899757623672485
A1705,0.7464971303939819
A1706,0.731391167640686
A1707,0.7978700160980224
A1708,0.7916690468788147
A1709,0.7972950100898742
A1710,0.7996604442596436
A1711,0.7987443327903747
A1712,0.7934245944023133
A1713,0.7944856882095337
A1714,0.58438372425735
A1715,0.7106434106826782
A1716,0.797822093963623
A1717,0.6230777144432068
A1718,0.7923926949501038
A1719,0.7994596123695373
A1720,0.7989223599433899
A1721,0.7972507357597352
A1722,0.7987935543060303
A1723,0.7998404741287232
A1724,0.7998995780944824
A1725,0.7969465970993042
A1726,0.7996780514717102
A1727,0.7998019218444824
A1728,0.7895947337150574
A1729,0.7974957346916198
A1730,0.7991327524185181
A1731,0.7999443888664246
A1732,0.7999695777893067
A1733,0.7995236158370972
A1734,0.7995031237602234
A1735,0.7994989871978759
A1736,0.7987741351127624
A1737,0.7995525121688842
A1738,0.7916606783866882
A1739,0.7983179569244385
A1740,0.7991190314292907
A1741,0.7997615098953247
A1742,0.7993656277656556
A1743,0.7987104415893554
A1744,0.7946951389312744
A1745,0.7974959015846252
A1746,0.5971248634159565
A1747,0.7912137746810913
A1748,0.7908349394798279
A1749,0.7959086537361145
A1750,0.7997468829154968
A1751,0.7958205461502075
A1752,0.799666702747345
A1753,0.7948297023773193
A1754,0.792625880241394
A1755,0.7996543526649476
A1756,0.7976582288742066
A1757,0.7616963386535645
A1758,0.535023245215416
A1759,0.569847981352359
A1760,0.7116058349609375
A1761,0.7941282749176025
A1762,0.7874952673912048
A1763,0.7983449220657348
A1764,0.7985833287239075
A1765,0.7995378494262695
A1766,0.7999786615371705
A1767,0.7999197602272033
A1768,0.7992981314659119
A1769,0.7997768759727478
A1770,0.7882918953895569
A1771,0.798134732246399
A1772,0.7999383687973023
A1773,0.7994706153869628
A1774,0.7995118737220764
A1775,0.7996474146842957
A1776,0.7589890599250794
A1777,0.7196263313293457
A1778,0.6148619621992111
A1779,0.797571063041687
A1780,0.5256952160038054
A1781,0.6114540457725525
A1782,0.7966891884803772
A1783,0.7984691977500915
A1784,0.797286331653595
A1785,0.4196663036942482
A1786,0.6411700010299682
A1787,0.7989017605781555
A1788,0.794297730922699
A1789,0.7998010754585266
A1790,0.7605039119720459
A1791,0.7470043301582336
A1792,0.7941436767578125
A1793,0.7619310736656189
A1794,0.7430523991584778
A1795,0.7983314275741578
A1796,0.5801111254841089
A1797,0.7990877389907837
A1798,0.7131979942321778
A1799,0.7957487106323242
A1800,0.7953025102615356
A1801,0.7846360921859741
A1802,0.6271506041288376
A1803,0.7999484896659851
A1804,0.7999688625335694
A1805,0.7837892770767212
A1806,0.7969465136528016
A1807,0.7732914447784424
A1808,0.7792170524597168
A1809,0.7996460795402527
A1810,0.799776291847229
A1811,0.7997665166854858
A1812,0.777828574180603
A1813,0.7977776050567627
A1814,0.7944240212440491
A1815,0.7999710083007813
A1816,0.7999555468559265
A1817,0.7957911491394043
A1818,0.5823152422904968
A1819,0.4489157014526427
A1820,0.46395841626581386
A1821,0.49385051015656245
A1822,0.4932495157903759
A1823,0.7981668949127197
A1824,0.7994538068771362
A1825,0.7311526417732239
A1826,0.7977060675621033
A1827,0.7912604451179505
A1828,0.5583821278996766
A1829,0.76444571018219
A1830,0.7994086146354675
A1831,0.6001983879134059
A1832,0.7204965829849244
A1833,0.6002811969257891
A1834,0.7908481359481812
A1835,0.7958582043647766
A1836,0.7832401752471924
A1837,0.6379252433776855
A1838,0.674311363697052
A1839,0.778977906703949
A1840,0.7438113927841187
A1841,0.7988080859184266
A1842,0.7998241424560547
A1843,0.7773982644081116
A1844,0.7953233480453491
A1845,0.7860736846923828
A1846,0.7995151042938232
A1847,0.7996017932891846
A1848,0.7857571721076966
A1849,0.7438436031341553
A1850,0.7981092691421509
A1851,0.7691023111343384
A1852,0.6550591111183166
A1853,0.5430834017693996
A1854,0.676923143863678
A1855,0.51521617785329
A1856,0.7996822834014893
A1857,0.6349208295345307
A1858,0.5880194646771997
A1859,0.7175573945045471
A1860,0.44769708304665984
A1861,0.777804970741272
A1862,0.7581692576408386
A1863,0.7975580573081971
A1864,0.797213876247406
A1865,0.6949774503707886
A1866,0.7909847855567932
A1867,0.7993889808654785
A1868,0.7979528307914734
A1869,0.7997635960578918
A1870,0.799665629863739
A1871,0.7997780799865722
A1872,0.5590390406548977
A1873,0.786847996711731
A1874,0.6902941465377808
A1875,0.7984142303466797
A1876,0.7986788868904113
A1877,0.7998257756233216
A1878,0.7998605370521545
A1879,0.7994657754898071
A1880,0.6673530101776123
A1881,0.7956704378128052
A1882,0.7965143084526062
A1883,0.7996098041534424
A1884,0.7999096274375915
A1885,0.7999659538269043
A1886,0.67756786942482
A1887,0.6993454694747925
A1888,0.7991298556327819
A1889,0.7994422793388367
A1890,0.7998614311218262
A1891,0.7997971415519715
A1892,0.790134048461914
A1893,0.7998628139495849
A1894,0.7957961678504943
A1895,0.7996895551681519
A1896,0.6086397461593152
A1897,0.6136653602123261
A1898,0.7997498035430908
A1899,0.5842023029923439
A1900,0.561113148741424
A1901,0.5909564808011055
A1902,0.7958553671836853
A1903,0.7995660781860352
A1904,0.7988121390342713
A1905,0.7984794855117798
A1906,0.7993174076080323
A1907,0.6493942856788635
A1908,0.7046050429344177
A1909,0.7997049689292908
A1910,0.7711864352226258
A1911,0.6033562466502189
A1912,0.7995685338973999
A1913,0.7933915376663208
A1914,0.7958478927612305
A1915,0.7998868227005005
A1916,0.7567235231399536
A1917,0.7998048424720764
A1918,0.6586761891841888
A1919,0.7591524362564087
A1920,0.763343620300293
A1921,0.7996471405029297
A1922,0.7117480754852294
A1923,0.7993072152137757
A1924,0.797574269771576
A1925,0.7993602514266968
A1926,0.7970057964324951
A1927,0.7999281287193298
A1928,0.7936657786369323
A1929,0.798485255241394
A1930,0.7996986508369446
A1931,0.7997822523117065
A1932,0.786118233203888
A1933,0.6898757219314575
A1934,0.7956703543663025
A1935,0.7995023608207703
A1936,0.7995990753173828
A1937,0.7797229170799256
A1938,0.7992356181144714
A1939,0.7996073484420776
A1940,0.7668826580047607
A1941,0.7988656640052796
A1942,0.7966148614883423
A1943,0.787135660648346
A1944,0.6337957739830017
A1945,0.7971044301986694
A1946,0.7996931552886963
A1947,0.7993328452110291
A1948,0.7975213170051575
A1949,0.7997713685035706
A1950,0.672593069076538
A1951,0.7709239959716797
A1952,0.6473259389400482
A1953,0.7238153934478759
A1954,0.7935177087783813
A1955,0.799323844909668
A1956,0.7996526002883911
A1957,0.7999639749526978
A1958,0.7865798354148865
A1959,0.7933895587921143
A1960,0.7966315507888794
A1961,0.7942489862442017
A1962,0.7993853926658631
A1963,0.7997892141342163
A1964,0.6004339669831097
A1965,0.7679017424583435
A1966,0.7994035840034485
A1967,0.6765939176082612
A1968,0.7984234690666199
A1969,0.7841248035430908
A1970,0.5839297366328537
A1971,0.6154393434524537
A1972,0.7902324318885803
A1973,0.799413001537323
A1974,0.7991060256958008
A1975,0.6952718257904053
A1976,0.7993230104446412
A1977,0.7995599627494812
A1978,0.7999727487564087
A1979,0.7997708201408387
A1980,0.7998933792114258
A1981,0.7989921927452087
A1982,0.7987666487693786
A1983,0.7996780157089234
A1984,0.7999109506607056
A1985,0.7999848365783692
A1986,0.7999256730079651
A1987,0.7998475790023803
A1988,0.7997588038444519
A1989,0.7998778104782105
A1990,0.7930075049400329
A1991,0.7958743691444397
A1992,0.7976672291755676
A1993,0.7853244304656982
A1994,0.7917235851287842
A1995,0.7966956496238708
A1996,0.7987746238708496
A1997,0.7993358850479126
A1998,0.79892897605896
A1999,0.7997459769248962
A2000,0.7998872637748718
A2001,0.7996997714042664
A2002,0.7998209834098816
A2003,0.7997620224952697
A2004,0.7983600735664368
A2005,0.7869019031524658
A2006,0.7996469020843506
A2007,0.799129593372345
A2008,0.7999631285667419
A2009,0.7997031092643738
A2010,0.7990316867828369
A2011,0.7977951526641845
A2012,0.7781910419464111
A2013,0.7973285555839539
A2014,0.7990931630134582
A2015,0.7082127332687378
A2016,0.79575617313385
A2017,0.7981112837791443
A2018,0.7997431635856629
A2019,0.7996762752532959
A2020,0.7974797248840332
A2021,0.7992147445678711
A2022,0.7989002108573914
A2023,0.7981379270553589
A2024,0.7938288450241089
A2025,0.7958460330963135
A2026,0.7958422541618347
A2027,0.7957564234733582
A2028,0.7916900873184204
A2029,0.7585653066635132
A2030,0.7930559873580932
A2031,0.7938992500305175
A2032,0.7668139219284058
A2033,0.7677514433860779
A2034,0.6740816533565521
A2035,0.5867262843996286
A2036,0.624348258972168
A2037,0.6464896559715271
A2038,0.7496686935424804
A2039,0.7963449954986572
A2040,0.797412121295929
A2041,0.795953345298767
A2042,0.7984990239143371
A2043,0.7999954938888549
A2044,0.7988688588142395
A2045,0.7987426280975342
A2046,0.791167390346527
A2047,0.7632638573646545
A2048,0.7698278665542603
A2049,0.7738240122795105
A2050,0.7984571576118469
A2051,0.789730679988861
A2052,0.5863928154110909
A2053,0.7916362524032593
A2054,0.7988682389259338
A2055,0.7881342768669128
A2056,0.7857210755348205
A2057,0.7984082460403442
A2058,0.7986444592475891
A2059,0.7983628988265992
A2060,0.7988504409790039
A2061,0.79935622215271
A2062,0.7984154105186463
A2063,0.7994407892227173
A2064,0.7918862104415894
A2065,0.7118924140930176
A2066,0.6566206514835358
A2067,0.6426666378974915
A2068,0.6051870211958885
A2069,0.6779607474803925
A2070,0.5792383141815662
A2071,0.5881243185140193
A2072,0.5868110325187444
A2073,0.6967884659767151
A2074,0.7980771780014038
A2075,0.7948522329330444
A2076,0.6426486611366272
A2077,0.6701517522335052
A2078,0.5621160973794759
A2079,0.7930225253105163
A2080,0.7495256304740906
A2081,0.6577904641628265
A2082,0.7970364093780518
A2083,0.7670373797416687
A2084,0.6046271085739136
A2085,0.542087835073471
A2086,0.4989639062434435
A2087,0.5407255180180073
A2088,0.7963588118553162
A2089,0.597219081968069
A2090,0.5849569857120513
A2091,0.7510543465614319
A2092,0.738425076007843
A2093,0.7956565499305726
A2094,0.7680586457252503
A2095,0.5623511295765639
A2096,0.7979436874389648
A2097,0.7366155385971069
A2098,0.7949816584587097
A2099,0.7913264274597168
A2100,0.5177886079996824
A2101,0.799336040019989
A2102,0.7990119099617005
A2103,0.7826882243156433
A2104,0.7932524800300598
A2105,0.7857507944107056
A2106,0.7931059837341309
A2107,0.6722450017929077
A2108,0.6115372613072395
A2109,0.7133226752281189
A2110,0.6607269883155823
A2111,0.6403608858585358
A2112,0.500764824450016
A2113,0.6131751000881195
A2114,0.6917851805686951
A2115,0.729731285572052
A2116,0.7984149813652038
A2117,0.7975120186805725
A2118,0.7990532398223877
A2119,0.7994990706443786
A2120,0.7933727383613587
A2121,0.7990810394287109
A2122,0.7985180377960205
A2123,0.7943842291831971
A2124,0.7991085529327393
A2125,0.6342115283012391
A2126,0.7971634268760681
A2127,0.7982490539550782
A2128,0.7970394849777221
A2129,0.7987475991249084
A2130,0.792943000793457
A2131,0.7980664730072021
A2132,0.7986729145050049
A2133,0.7790573954582214
A2134,0.7773678421974182
A2135,0.7579502463340759
A2136,0.7941150665283203
A2137,0.793711268901825
A2138,0.7552732467651367
A2139,0.7970856189727783
A2140,0.7832157969474792
A2141,0.7875996947288513
A2142,0.794901180267334
A2143,0.790112566947937
A2144,0.7996701955795288
A2145,0.7994624137878418
A2146,0.7990953683853149
A2147,0.7994203209877014
A2148,0.797537088394165
A2149,0.7994814515113831
A2150,0.7970165610313416
A2151,0.7759967923164368
A2152,0.7984064102172852
A2153,0.7865003705024719
A2154,0.7985979676246643
A2155,0.7974797129631043
A2156,0.79848792552948
A2157,0.7978970527648925
A2158,0.7965122818946838
A2159,0.7806115865707397
A2160,0.7999197959899902
A2161,0.7996007084846497
A2162,0.7987739324569703
A2163,0.7984658241271972
A2164,0.7993852019309997
A2165,0.7986422777175903
A2166,0.7979127526283264
A2167,0.7000602960586548
A2168,0.7593606591224671
A2169,0.7836928129196167
A2170,0.7575249791145324
A2171,0.79154452085495
A2172,0.7806851744651795
A2173,0.5971469148993492
A2174,0.44822700667573373
A2175,0.534966618521139
A2176,0.48749710274860264
A2177,0.6556076526641845
A2178,0.7949739098548889
A2179,0.7819526672363282
A2180,0.7996263265609741
A2181,0.6139303475618363
A2182,0.7995373845100403
A2183,0.7594591379165649
A2184,0.5360689206048846
A2185,0.5624737456440926
A2186,0.7774679303169251
A2187,0.7993712902069092
A2188,0.7998572587966919
A2189,0.7999372363090516
A2190,0.7999414801597595
A2191,0.7997120022773743
A2192,0.7999489426612854
A2193,0.7989340662956238
A2194,0.788910973072052
A2195,0.7985097527503967
A2196,0.7351592898368835
A2197,0.6054571591317653
A2198,0.7998800873756409
A2199,0.7385851263999939
A2200,0.749798059463501
A2201,0.6055124118924141
A2202,0.7982622027397156
A2203,0.7991901636123657
A2204,0.6653031706809998
A2205,0.7838776707649231
A2206,0.7646492838859558
A2207,0.7983490347862243
A2208,0.7981738567352294
A2209,0.7844760537147522
A2210,0.7029031753540039
A2211,0.7943694353103637
A2212,0.7159811377525329
A2213,0.6048318900167942
A2214,0.5996588342357427
A2215,0.7156353831291199
A2216,0.7898620128631592
A2217,0.7882898926734925
A2218,0.5923414021730423
A2219,0.6726920366287231
A2220,0.7913453102111816
A2221,0.7488660335540771
A2222,0.7996770739555359
A2223,0.7982002854347229
A2224,0.7998991012573242
A2225,0.5486644573509694
A2226,0.5601321917027235
A2227,0.7303444027900696
A2228,0.7793636441230773
A2229,0.7486771583557129
A2230,0.7841166615486145
A2231,0.7949087500572205
A2232,0.798637866973877
A2233,0.7998578310012817
A2234,0.7993069171905518
A2235,0.7992838859558106
A2236,0.7992972731590271
A2237,0.7955430626869202
A2238,0.7973142623901367
A2239,0.7976359963417053
A2240,0.7360671520233154
A2241,0.7990998029708862
A2242,0.7993986129760742
A2243,0.7957509279251098
A2244,0.7999572277069091
A2245,0.7998793005943299
A2246,0.7999181747436523
A2247,0.711827027797699
A2248,0.6048592001199722
A2249,0.49926642030477525
A2250,0.7977342367172241
A2251,0.7994509935379028
A2252,0.7988725066184997
A2253,0.7836381912231445
A2254,0.6595192074775695
A2255,0.7127031326293946
A2256,0.7970660328865051
A2257,0.796942138671875
A2258,0.7996431946754455
A2259,0.7987991571426392
A2260,0.7939340591430664
A2261,0.7993431687355042
A2262,0.7980816841125489
A2263,0.7874841451644897
A2264,0.7994082927703857
A2265,0.7994994163513184
A2266,0.6364298522472381
A2267,0.7992197036743164
A2268,0.7465360403060913
A2269,0.7388597130775452
A2270,0.6465018033981323
A2271,0.7984204053878784
A2272,0.527228332310915
A2273,0.7953181385993957
A2274,0.7720199227333069
A2275,0.7860577225685119
A2276,0.7795855402946472
A2277,0.7513874411582947
A2278,0.7949978828430175
A2279,0.7977222323417663
A2280,0.7981371283531189
A2281,0.797560203075409
A2282,0.7952727317810059
A2283,0.7790690183639526
A2284,0.7621627926826477
A2285,0.7965855836868286
A2286,0.7995901465415954
A2287,0.743707275390625
A2288,0.7998961210250854
A2289,0.7999627947807312
A2290,0.7999540448188782
A2291,0.7951576232910156
A2292,0.7861307501792908
A2293,0.7895753145217895
A2294,0.5858585741370916
A2295,0.7856337785720825
A2296,0.7978458046913147
A2297,0.7985105514526367
A2298,0.7958834171295166
A2299,0.7996579289436341
A2300,0.7649272441864013
A2301,0.7986101031303405
A2302,0.7979162454605102
A2303,0.7989359378814698
A2304,0.7955994009971619
A2305,0.7982948303222657
A2306,0.7780346035957336
A2307,0.798345410823822
A2308,0.7813936114311218
A2309,0.7982723474502563
A2310,0.798786735534668
A2311,0.7945822954177857
A2312,0.7020701885223388
A2313,0.4935126220691018
A2314,0.7964892387390137
A2315,0.7996409416198731
A2316,0.7999261736869812
A2317,0.7998846650123597
A2318,0.7998226046562195
A2319,0.7996110320091248
A2320,0.7998695850372315
A2321,0.7991872906684876
A2322,0.7193019270896912
A2323,0.7996236562728882
A2324,0.7993768095970154
A2325,0.7202893853187561
A2326,0.7916189670562744
A2327,0.7980257034301758
A2328,0.7862139463424682
A2329,0.7988998889923096
A2330,0.7983619451522828
A2331,0.7989226341247558
A2332,0.6015049323439599
A2333,0.5895628130063415
A2334,0.5327444311638828
A2335,0.7892525672912598
A2336,0.7754517316818237
A2337,0.6000450074672699
A2338,0.7920727729797363
A2339,0.7989660382270813
A2340,0.7992397665977478
A2341,0.799151885509491
A2342,0.7945531129837036
A2343,0.7990177154541016
A2344,0.7647894978523254
A2345,0.7992066621780396
A2346,0.7989879608154297
A2347,0.7995876789093017
A2348,0.7940046787261963
A2349,0.7989465355873108
A2350,0.7966014742851257
A2351,0.7840922594070434
A2352,0.6123890072107315
A2353,0.5909757550805808
A2354,0.7192968487739563
A2355,0.6444142192602158
A2356,0.798140287399292
A2357,0.7986830711364746
A2358,0.49784380237106235
A2359,0.5345180912874639
A2360,0.799781882762909
A2361,0.7509516835212707
A2362,0.7880673766136169
A2363,0.7967919111251831
A2364,0.7925768852233886
A2365,0.759917938709259
A2366,0.7991081118583679
A2367,0.5995155910030008
A2368,0.7891859889030457
A2369,0.7993000507354736
A2370,0.7793807983398438
A2371,0.7999711513519288
A2372,0.7998327612876892
A2373,0.7992934346199035
A2374,0.7982330679893493
A2375,0.7589443325996399
A2376,0.7989452958106995
A2377,0.6399136334657669
A2378,0.7885712742805481
A2379,0.7204161524772644
A2380,0.79448481798172
A2381,0.7928475975990296
A2382,0.7162794470787048
A2383,0.7946739196777344
A2384,0.7954083681106567
A2385,0.7023513793945313
A2386,0.7841729879379272
A2387,0.799780011177063
A2388,0.61082014888525
A2389,0.7848829746246337
A2390,0.6711317360401153
A2391,0.7908204197883606
A2392,0.7652837991714477
A2393,0.7985069513320923
A2394,0.7999550342559815
A2395,0.7999890804290771
A2396,0.7999951839447021
A2397,0.46404077087063345
A2398,0.7936206579208374
A2399,0.7999289751052856
A2400,0.7989993572235108
A2401,0.7978333473205567
A2402,0.7993235111236572
A2403,0.7227319121360779
A2404,0.7978442549705506
A2405,0.7993076086044312
A2406,0.797001838684082
A2407,0.7998581051826477
A2408,0.6627881348133087
A2409,0.7875038385391235
A2410,0.7882187485694885
A2411,0.7996960282325745
A2412,0.7933569192886353
A2413,0.7986092925071716
A2414,0.7847335457801818
A2415,0.7953001260757446
A2416,0.7931387662887573
A2417,0.7712109565734864
A2418,0.7985814213752747
A2419,0.5854574896395206
A2420,0.7850360751152039
A2421,0.7975203990936279
A2422,0.799607765674591
A2423,0.5945810935460031
A2424,0.7959407806396485
A2425,0.796348237991333
A2426,0.7959896802902222
A2427,0.7999584555625916
A2428,0.7995828628540039
A2429,0.7996919631958008
A2430,0.7998199820518493
A2431,0.7559568762779236
B1,0.7716482758522034
B2,0.7949442744255066
B3,0.6096597358584404
B4,0.7910422086715698
B5,0.5403877823147922
B6,0.7990594267845154
B7,0.7811646938323975
B8,0.7861161231994629
B9,0.6941716432571411
B10,0.7919535398483276
B11,0.7585080623626709
B12,0.4582587216049433
B13,0.7887985825538635
B14,0.5516091912984848
B15,0.7673452854156494
B16,0.6939712524414062
B17,0.784731411933899
B18,0.780042827129364
B19,0.7977152943611145
B20,0.7976775646209717
B21,0.7965959906578064
B22,0.7993721842765809
B23,0.773913037776947
B24,0.7993129014968872
B25,0.7980649590492248
B26,0.7952004313468933
B28,0.7992381572723388
B29,0.7981426954269409
B30,0.6777559220790863
B31,0.7132593750953674
B32,0.7913401484489441
B35,0.77750244140625
B36,0.7999111533164978
B38,0.7976691961288452
B39,0.77404283285141
B40,0.7983775854110717
B41,0.6140401527285576
B42,0.6136819362640381
B43,0.661586481332779
B44,0.760720181465149
B45,0.4409562435233966
B46,0.448002056099358
B47,0.434633868932724
B48,0.35018087938215103
B49,0.45354743683710697
B50,0.6877020061016083
B51,0.7929478406906127
B52,0.6303126841783524
B53,0.7862398624420166
B54,0.743843138217926
B55,0.6319170951843261
B56,0.4936359841376543
B57,0.7980327367782593
B58,0.7988288164138794
B59,0.7991930603981018
B60,0.6268911063671112
B61,0.40562308453954754
B62,0.740357768535614
B63,0.7751978754997253
B64,0.7961439967155457
B65,0.7999750137329101
B66,0.5890600256621837
B67,0.6004095748066902
B68,0.7944239735603332
B69,0.7974040269851684
B70,0.5634848679648712
B71,0.6758086860179902
B72,0.6003561656922102
B73,0.5937344081699848
B74,0.6376718640327453
B75,0.7734055280685425
B76,0.5916008860687725
B77,0.7984890460968017
B78,0.795478618144989
B79,0.7313976764678956
B80,0.7886903524398804
B81,0.7025855541229248
B82,0.6648498594760894
B83,0.7837534427642823
B84,0.5935302287340164
B86,0.7979247093200683
B87,0.7997974038124085
B88,0.7998392462730408
B90,0.6264652580022811
B91,0.5952964345924556
B92,0.7847376704216004
B93,0.582954715937376
B94,0.5611628118902445
B95,0.453368079662323
B96,0.7991644978523255
B97,0.49463564915349706
B98,0.402635332526188
B99,0.5096398971974849
B100,0.5436096772551536
B101,0.2970189743817489
B102,0.5195045815780759
B103,0.7435944676399231
B104,0.7799371361732483
B105,0.7999184012413025
B106,0.4617933951562918
B107,0.48456297181546687
B108,0.7005708575248718
B109,0.4492549659975339
B110,0.6794472873210907
B111,0.7996856331825256
B112,0.5759249355643987
B113,0.5719912827946245
B114,0.502692254097201
B115,0.6961050629615784
B116,0.4027029069058699
B117,0.7983572006225585
B118,0.4175660053268075
B119,0.5381499594077468
B120,0.7202205300331116
B121,0.538793455605628
B122,0.55349246027763
B123,0.5808685561642051
B124,0.4198262113106466
B125,0.5412323083262891
B126,0.47867723813761953
B127,0.5396258148859487
B128,0.7999468445777893
B129,0.7127941012382507
B130,0.7991506099700928
B131,0.4375240383669734
B132,0.4157716121466365
B133,0.6795681476593017
B134,0.6242839485406876
B135,0.7363450050354003
B136,0.5418434910903442
B137,0.4706922352313995
B138,0.76970534324646
B139,0.41239791005064036
B140,0.5854995287954807
B141,0.4107723524110497
B142,0.41031919494032537
B143,0.7996258020401001
B144,0.3742365928884917
B145,0.5545819104489056
B146,0.41284663720289244
B147,0.4581066099308373
B148,0.5661491854116321
B149,0.6685149788856506
B150,0.6180667221546173
B151,0.5699695110321045
B152,0.6515271842479706
B153,0.6393265426158905
B154,0.5805947940330952
B155,0.5897505916655064
B156,0.5948731475888053
B157,0.5879659733735025
B158,0.6265349835157394
B159,0.6206964641809464
B160,0.6534561038017273
B161,0.7892401099205018
B162,0.5507535003944213
B163,0.4296981291670818
B164,0.7194397568702697
B165,0.7827784895896912
B166,0.7552263259887695
B167,0.39755117209283525
B168,0.4036844913178356
B169,0.7998592853546143
B170,0.5812208218500018
B171,0.6189014449715614
B172,0.7669531464576721
B179,0.7994756817817688
B180,0.5884957283735275
B181,0.7938628792762756
B182,0.7978070497512817
B183,0.6919882297515869
B184,0.7976074934005737
B185,0.7999034404754639
B186,0.5929199889302254
B187,0.7873975396156311
B188,0.7349570989608765
B189,0.6065843284130097
B190,0.7997872471809387
B191,0.7736138343811035
B192,0.5995194308459759
B193,0.7997426390647888
B194,0.7998004794120789
B195,0.5565273098647594
B196,0.7998886108398438
B197,0.6800914645195008
B198,0.4935423779534176
B199,0.6530115664005279
B200,0.7967246532440185
B201,0.5552398811210878
B202,0.719866931438446
B203,0.796807074546814
B204,0.5987413631752133
B205,0.5581440944224596
B206,0.7135731220245362
B207,0.7857631921768189
B208,0.7536710858345032
B209,0.6272271275520325
B210,0.7544526576995849
B211,0.6280840784311295
B212,0.7985170960426331
B213,0.5061426892876625
B214,0.796214246749878
B215,0.45812105283839627
B216,0.7193326234817505
B217,0.7846908688545227
B218,0.7995786428451538
B219,0.7229953408241272
B220,0.5679313249886035
B221,0.6853591918945312
B222,0.7753345847129822
B223,0.7989983558654785
B224,0.7996425271034241
B225,0.7430510282516479
B226,0.5183153867721557
B227,0.7770307540893555
B228,0.7942574739456176
B229,0.7988221526145936
B230,0.798210334777832
B231,0.611309963464737
B232,0.6760685920715332
B233,0.7852860927581787
B234,0.7931758880615234
B235,0.5074409862980247
B236,0.7754658460617065
B237,0.7953957915306091
B238,0.7817214250564575
B239,0.7880123734474183
B240,0.7991562008857727
B241,0.7936729073524476
B242,0.7927051067352295
B243,0.7981073141098023
B244,0.7908830761909484
B245,0.7976147532463074
B246,0.7987720251083374
B247,0.7168678760528564
B248,0.49069983017980123
B249,0.7997875571250915
B250,0.7998453378677368
B251,0.7866159439086914
B252,0.5829685017466545
B253,0.7994489192962646
B254,0.7999154686927795
B255,0.6251671582460403
B256,0.6296975195407868
B257,0.7884895324707031
B258,0.7898028135299683
B259,0.7988940596580505
B260,0.7064206957817077
B261,0.7991766929626465
B262,0.5720627702772617
B263,0.7999325633049011
B264,0.7996768236160279
B265,0.7526480793952942
B266,0.5279624238610268
B267,0.7881145477294922
B281,0.7925310850143432
B282,0.7997114419937134
B283,0.7988259792327881
B284,0.617031255364418
B285,0.6040674552321434
B286,0.7923479080200195
B287,0.7893089890480042
B288,0.6279478907585144
B289,0.598793054651469
B290,0.7988045930862426
B291,0.5249646482989192
B292,0.40510855229168924
B293,0.5722621254622936
B294,0.7997849702835083
B295,0.497269120067358
B296,0.795638918876648
B297,0.7996313571929932
B299,0.7246325612068176
B302,0.5282033979892731
B303,0.45291909233201294
B304,0.7572594523429871
B305,0.49394886568243235
B306,0.7805843114852905
B307,0.668557870388031
B308,0.7996276617050171
B309,0.6443572402000427
B310,0.7987805962562561
B311,0.5189922358869807
B312,0.7994328498840332
B313,0.5888457739725709
B314,0.7995676279067994
B315,0.776622188091278
B317,0.799839448928833
B318,0.7802173972129822
B319,0.7498215198516845
B320,0.5674612559378147
B321,0.7887871861457825
B322,0.7995399713516236
B324,0.7984886765480042
B326,0.7812626719474792
B327,0.7081208467483521
B328,0.6221074849367142
B329,0.6700260639190674
B330,0.5072181605733931
B331,0.49881953580770644
B332,0.7175061702728271
B333,0.608883461356163
B334,0.661615788936615
B335,0.799083924293518
B336,0.797934603691101
B337,0.634428471326828
B338,0.798748791217804
B339,0.6507709264755249
B340,0.797703206539154
B341,0.7967586040496826
B342,0.7994447350502014
B343,0.7991022586822509
B344,0.7968595862388611
B345,0.793506121635437
B346,0.5854590129107237
B347,0.7980143189430237
B348,0.6374743938446045
B349,0.7007426977157593
B350,0.719090211391449
B351,0.7953648924827575
B352,0.781304907798767
B353,0.7993730306625366
B354,0.796392285823822
B355,0.6206072419881821
B356,0.6357672661542892
B357,0.41358250136254354
B358,0.7996376514434814
B359,0.7999032735824585
B360,0.4928505055359892
B361,0.6018323183059693
B362,0.7997913002967835
B363,0.7980450510978698
B364,0.6528942465782166
B365,0.798885178565979
B366,0.7612667322158814
B367,0.798110842704773
B368,0.7633970379829407
B369,0.7992099761962891
B370,0.40045611466503034
B371,0.7556681990623474
B372,0.799921178817749
B373,0.7980133891105652
B375,0.7900917291641235
B376,0.7980509042739868
B378,0.798687195777893
B379,0.7998804092407227
B380,0.7992186784744263
B381,0.6298665136098862
B383,0.799803614616394
B384,0.7949829220771789
B385,0.7899715185165406
B386,0.796686339378357
B387,0.7999807357788086
B388,0.7990628004074096
B389,0.7578230142593384
B390,0.7702455520629883
B391,0.7997164130210876
B392,0.5883649120107293
B393,0.7999549031257629
B394,0.7990293741226197
B395,0.7991156697273254
B396,0.7837499141693115
B397,0.7998569965362549
B398,0.7995519995689392
B399,0.7982843041419982
B400,0.7640466928482056
B401,0.7993865966796875
B402,0.7997321605682373
B403,0.7906745553016663
B404,0.7883633971214294
B405,0.7997982382774353
B406,0.7949172735214234
B407,0.7995036125183106
B408,0.7999733209609985
B409,0.5006386324763298
B410,0.7985877275466919
B411,0.7986694216728211
B412,0.6545287430286407
B413,0.6237419217824935
B414,0.4458077253517331
B415,0.5755012167130189
B416,0.6433023750782013
B417,0.7163201928138733
B418,0.798664927482605
B419,0.6032895594835281