mRNA,siRNA,Efficacy
NM_002046,NM_0020461,0.971
NM_002046,NM_0020462,0.97
NM_002046,NM_0020463,0.957
NM_002046,NM_0020464,0.851
NM_002046,NM_0020465,0.85
NM_002046,NM_0020466,0.848
NM_002046,NM_0020467,0.775
NM_002046,NM_0020468,0.774
NM_002046,NM_0020469,0.772
NM_002046,NM_00204610,0.691
NM_002046,NM_00204611,0.689
NM_002046,NM_00204612,0.348
NM_002046,NM_00204613,0.338
NM_002046,NM_00204614,0.325
NM_002046,NM_00204615,0.304
NM_002046,NM_00204616,0.229
NM_002046,NM_00204617,0.222
NM_002559,NM_0025591,0.36
NM_002559,NM_0025592,0.352
NM_002559,NM_0025593,0.348
NM_002559,NM_0025594,0.347
NM_002559,NM_0025595,0.344
NM_002559,NM_0025596,0.342
NM_002559,NM_0025597,0.339
NM_002559,NM_0025598,0.336
NM_002559,NM_0025599,0.333
NM_002559,NM_00255910,0.33
NM_002559,NM_00255911,0.326
NM_002559,NM_00255912,0.314
NM_002559,NM_00255913,0.307
NM_002559,NM_00255914,0.306
NM_002559,NM_00255915,0.289
NM_002559,NM_00255916,0.235
NM_002559,NM_00255917,0.227
NM_002559,NM_00255918,0.399
NM_002559,NM_00255919,0.394
NM_002559,NM_00255920,0.39
NM_002559,NM_00255921,0.384
NM_002559,NM_00255922,0.383
NM_002559,NM_00255923,0.377
NM_002559,NM_00255924,0.37
NM_002559,NM_00255925,0.439
NM_002559,NM_00255926,0.435
NM_002559,NM_00255927,0.46
NM_002559,NM_00255928,0.458
NM_002559,NM_00255929,0.457
NM_002559,NM_00255930,0.456
NM_002559,NM_00255931,0.456
NM_002559,NM_00255932,0.455
NM_002559,NM_00255933,0.454
NM_002559,NM_00255934,0.48
NM_002559,NM_00255935,0.478
NM_002559,NM_00255936,0.477
NM_002559,NM_00255937,0.476
NM_002559,NM_00255938,0.476
NM_002559,NM_00255939,0.475
NM_002559,NM_00255940,0.493
NM_002559,NM_00255941,0.492
NM_002559,NM_00255942,0.491
NM_002559,NM_00255943,0.503
NM_002559,NM_00255944,0.502
NM_002559,NM_00255945,0.502
NM_002559,NM_00255946,0.502
NM_002559,NM_00255947,0.5
NM_002559,NM_00255948,0.527
NM_002559,NM_00255949,0.526
NM_002559,NM_00255950,0.526
NM_002559,NM_00255951,0.525
NM_002559,NM_00255952,0.525
NM_002559,NM_00255953,0.525
NM_002559,NM_00255954,0.544
NM_002559,NM_00255955,0.543
NM_002559,NM_00255956,0.542
NM_002559,NM_00255957,0.541
NM_002559,NM_00255958,0.541
NM_002559,NM_00255959,0.54
NM_002559,NM_00255960,0.562
NM_002559,NM_00255961,0.561
NM_002559,NM_00255962,0.56
NM_002559,NM_00255963,0.559
NM_002559,NM_00255964,0.695
NM_002559,NM_00255965,0.695
NM_002559,NM_00255966,0.694
NM_002559,NM_00255967,0.694
NM_002559,NM_00255968,0.693
NM_002559,NM_00255969,0.801
NM_002559,NM_00255970,0.8
NM_002559,NM_00255971,0.8
NM_002559,NM_00255972,0.799
NM_002559,NM_00255973,0.797
NM_002559,NM_00255974,0.796
NM_002559,NM_00255975,0.821
NM_002559,NM_00255976,0.82
NM_002559,NM_00255977,0.819
NM_002559,NM_00255978,0.816
NM_002559,NM_00255979,0.813
NM_002559,NM_00255980,0.987
NM_002559,NM_00255981,0.983
NM_002559,NM_00255982,0.977
NM_002559,NM_00255983,0.974
NM_002559,NM_00255984,0.968
NM_002559,NM_00255985,0.887
NM_002559,NM_00255986,0.886
NM_002559,NM_00255987,0.885
NM_002559,NM_00255988,0.883
NM_002559,NM_00255989,0.882
NM_003342,NM_0033421,1.008
NM_003342,NM_0033422,0.983
NM_003342,NM_0033423,0.977
NM_003342,NM_0033424,0.977
NM_003342,NM_0033425,0.974
NM_003342,NM_0033426,0.972
NM_003342,NM_0033427,0.967
NM_003342,NM_0033428,0.953
NM_003342,NM_0033429,0.952
NM_003342,NM_00334210,0.951
NM_003342,NM_00334211,0.951
NM_003342,NM_00334212,0.947
NM_003342,NM_00334213,0.944
NM_003342,NM_00334214,0.943
NM_003342,NM_00334215,0.935
NM_003342,NM_00334216,0.931
NM_003342,NM_00334217,0.921
NM_003342,NM_00334218,0.92
NM_003342,NM_00334219,0.919
NM_003342,NM_00334220,0.918
NM_003342,NM_00334221,0.918
NM_003342,NM_00334222,0.915
NM_003342,NM_00334223,0.913
NM_003342,NM_00334224,0.912
NM_003342,NM_00334225,0.907
NM_003342,NM_00334226,0.905
NM_003342,NM_00334227,0.904
NM_003342,NM_00334228,0.903
NM_003342,NM_00334229,0.902
NM_003342,NM_00334230,0.902
NM_003342,NM_00334231,0.902
NM_003342,NM_00334232,0.9
NM_003342,NM_00334233,0.899
NM_003342,NM_00334234,0.895
NM_003342,NM_00334235,0.893
NM_003342,NM_00334236,0.891
NM_003342,NM_00334237,0.891
NM_003342,NM_00334238,0.89
NM_003342,NM_00334239,0.824
NM_003342,NM_00334240,0.821
NM_003342,NM_00334241,0.819
NM_003342,NM_00334242,0.815
NM_003342,NM_00334243,0.789
NM_003342,NM_00334244,0.787
NM_003342,NM_00334245,0.786
NM_003342,NM_00334246,0.786
NM_003342,NM_00334247,0.785
NM_003342,NM_00334248,0.784
NM_003342,NM_00334249,0.75
NM_003342,NM_00334250,0.749
NM_003342,NM_00334251,0.748
NM_003342,NM_00334252,0.747
NM_003342,NM_00334253,0.747
NM_003342,NM_00334254,0.746
NM_003342,NM_00334255,0.746
NM_003342,NM_00334256,0.745
NM_003342,NM_00334257,0.745
NM_003342,NM_00334258,0.743
NM_003342,NM_00334259,0.679
NM_003342,NM_00334260,0.678
NM_003342,NM_00334261,0.677
NM_003342,NM_00334262,0.677
NM_003342,NM_00334263,0.676
NM_003342,NM_00334264,0.632
NM_003342,NM_00334265,0.631
NM_003342,NM_00334266,0.629
NM_003342,NM_00334267,0.625
NM_003342,NM_00334268,0.624
NM_003342,NM_00334269,0.623
NM_003342,NM_00334270,0.582
NM_003342,NM_00334271,0.579
NM_003342,NM_00334272,0.577
NM_003342,NM_00334273,0.577
NM_003342,NM_00334274,0.575
NM_003342,NM_00334275,0.573
NM_003342,NM_00334276,0.571
NM_003342,NM_00334277,0.354
NM_003342,NM_00334278,0.35
NM_003342,NM_00334279,0.324
NM_006357,NM_0063571,0.806
NM_006357,NM_0063572,0.805
NM_006357,NM_0063573,0.803
NM_006357,NM_0063574,0.803
NM_006357,NM_0063575,0.802
NM_006357,NM_0063576,0.802
NM_006357,NM_0063577,0.801
NM_006357,NM_0063578,0.8
NM_006357,NM_0063579,0.799
NM_006357,NM_00635710,0.798
NM_006357,NM_00635711,0.796
NM_006357,NM_00635712,0.796
NM_006357,NM_00635713,0.793
NM_006357,NM_00635714,0.793
NM_006357,NM_00635715,0.793
NM_006357,NM_00635716,0.79
NM_006357,NM_00635717,0.79
NM_006357,NM_00635718,0.79
NM_006357,NM_00635719,0.788
NM_006357,NM_00635720,0.787
NM_006357,NM_00635721,0.787
NM_006357,NM_00635722,0.787
NM_006357,NM_00635723,0.787
NM_006357,NM_00635724,0.786
NM_006357,NM_00635725,0.785
NM_006357,NM_00635726,0.784
NM_006357,NM_00635727,0.784
NM_006357,NM_00635728,0.783
NM_006357,NM_00635729,0.782
NM_006357,NM_00635730,0.782
NM_006357,NM_00635731,0.781
NM_006357,NM_00635732,0.78
NM_006357,NM_00635733,0.955
NM_006357,NM_00635734,0.937
NM_006357,NM_00635735,0.937
NM_006357,NM_00635736,0.935
NM_006357,NM_00635737,0.934
NM_006357,NM_00635738,0.923
NM_006357,NM_00635739,0.922
NM_006357,NM_00635740,0.921
NM_006357,NM_00635741,0.921
NM_006357,NM_00635742,0.921
NM_006357,NM_00635743,0.916
NM_006357,NM_00635744,0.914
NM_006357,NM_00635745,0.911
NM_006357,NM_00635746,0.91
NM_006357,NM_00635747,0.909
NM_006357,NM_00635748,0.907
NM_006357,NM_00635749,0.902
NM_006357,NM_00635750,0.898
NM_006357,NM_00635751,0.881
NM_006357,NM_00635752,0.76
NM_006357,NM_00635753,0.76
NM_006357,NM_00635754,0.76
NM_006357,NM_00635755,0.759
NM_006357,NM_00635756,0.759
NM_006357,NM_00635757,0.758
NM_006357,NM_00635758,0.758
NM_006357,NM_00635759,0.758
NM_006357,NM_00635760,0.757
NM_006357,NM_00635761,0.757
NM_006357,NM_00635762,0.757
NM_006357,NM_00635763,0.755
NM_006357,NM_00635764,0.754
NM_006357,NM_00635765,0.754
NM_006357,NM_00635766,0.753
NM_006357,NM_00635767,0.753
NM_006357,NM_00635768,0.753
NM_006357,NM_00635769,0.753
NM_006357,NM_00635770,0.752
NM_006357,NM_00635771,0.752
NM_006357,NM_00635772,0.752
NM_006357,NM_00635773,0.752
NM_006357,NM_00635774,0.751
NM_006357,NM_00635775,0.75
NM_006357,NM_00635776,0.749
NM_006357,NM_00635777,0.748
NM_006357,NM_00635778,0.748
NM_006357,NM_00635779,0.731
NM_020548,NM_0205481,0.744
NM_020548,NM_0205482,0.671
NM_020548,NM_0205483,0.532
NM_020548,NM_0205484,0.399
NM_020548,NM_0205485,0.387
NM_020548,NM_0205486,0.385
NM_001001481,NM_0010014811,1.115
NM_001001481,NM_0010014812,1.108
NM_001001481,NM_0010014813,1.085
NM_001001481,NM_0010014814,1.081
NM_001001481,NM_0010014815,1.08
NM_001001481,NM_0010014816,1.079
NM_001001481,NM_0010014817,1.076
NM_001001481,NM_0010014818,1.072
NM_001001481,NM_0010014819,1.065
NM_001001481,NM_00100148110,1.063
NM_001001481,NM_00100148111,1.06
NM_001001481,NM_00100148112,1.056
NM_001001481,NM_00100148113,1.056
NM_001001481,NM_00100148114,1.053
NM_001001481,NM_00100148115,1.053
NM_001001481,NM_00100148116,1.051
NM_001001481,NM_00100148117,1.044
NM_001001481,NM_00100148118,1.036
NM_001001481,NM_00100148119,1.033
NM_001001481,NM_00100148120,1.033
NM_001001481,NM_00100148121,1.029
NM_001001481,NM_00100148122,1.029
NM_001001481,NM_00100148123,1.028
NM_001001481,NM_00100148124,1.027
NM_001001481,NM_00100148125,1.026
NM_001001481,NM_00100148126,1.021
NM_001001481,NM_00100148127,1.021
NM_001001481,NM_00100148128,1.021
NM_001001481,NM_00100148129,1.015
NM_001001481,NM_00100148130,1.012
NM_001001481,NM_00100148131,1.01
NM_001001481,NM_00100148132,1.01
NM_001001481,NM_00100148133,1.009
NM_001001481,NM_00100148134,1.003
NM_001001481,NM_00100148135,1.002
NM_001001481,NM_00100148136,1.0
NM_001001481,NM_00100148137,1.0
NM_001001481,NM_00100148138,1.0
NM_001001481,NM_00100148139,0.999
NM_001001481,NM_00100148140,0.994
NM_001001481,NM_00100148141,0.991
NM_001001481,NM_00100148142,0.991
NM_001001481,NM_00100148143,0.991
NM_001001481,NM_00100148144,0.991
NM_001001481,NM_00100148145,0.988
NM_001001481,NM_00100148146,0.987
NM_001001481,NM_00100148147,0.985
NM_001001481,NM_00100148148,0.983
NM_001001481,NM_00100148149,0.982
NM_001001481,NM_00100148150,0.98
NM_001001481,NM_00100148151,0.978
NM_001001481,NM_00100148152,0.978
NM_001001481,NM_00100148153,0.975
NM_001001481,NM_00100148154,0.972
NM_001001481,NM_00100148155,0.972
NM_001001481,NM_00100148156,0.971
NM_001001481,NM_00100148157,0.964
NM_001001481,NM_00100148158,0.961
NM_001001481,NM_00100148159,0.96
NM_001001481,NM_00100148160,0.959
NM_001001481,NM_00100148161,0.957
NM_001001481,NM_00100148162,0.956
NM_001001481,NM_00100148163,0.956
NM_001001481,NM_00100148164,0.951
NM_001001481,NM_00100148165,0.95
NM_001001481,NM_00100148166,0.949
NM_001001481,NM_00100148167,0.944
NM_001001481,NM_00100148168,0.943
NM_001001481,NM_00100148169,0.943
NM_001001481,NM_00100148170,0.943
NM_001001481,NM_00100148171,0.943
NM_001001481,NM_00100148172,0.942
NM_001001481,NM_00100148173,0.941
NM_001001481,NM_00100148174,0.852
NM_001001481,NM_00100148175,0.85
NM_001001481,NM_00100148176,0.848
NM_001001481,NM_00100148177,0.679
U47296,U472961,0.969
U47296,U472962,0.968
U47296,U472963,0.967
U47296,U472964,0.854
U47296,U472965,0.793
U47296,U472966,0.611
U47296,U472967,0.552
U47296,U472968,0.284
U47296,U472969,0.324
U47298,U472981,0.985
U47298,U472982,0.984
U47298,U472983,0.984
U47298,U472984,0.983
U47298,U472985,0.982
U47298,U472986,0.979
U47298,U472987,0.979
U47298,U472988,0.978
U47298,U472989,0.977
U47298,U4729810,0.977
U47298,U4729811,0.975
U47298,U4729812,0.975
U47298,U4729813,0.974
U47298,U4729814,0.974
U47298,U4729815,0.974
U47298,U4729816,0.972
U47298,U4729817,0.972
U47298,U4729818,0.97
U47298,U4729819,0.969
U47298,U4729820,0.969
U47298,U4729821,0.968
U47298,U4729822,0.967
U47298,U4729823,0.966
U47298,U4729824,0.964
U47298,U4729825,0.962
U47298,U4729826,0.962
U47298,U4729827,0.961
U47298,U4729828,0.961
U47298,U4729829,0.961
U47298,U4729830,0.96
U47298,U4729831,0.958
U47298,U4729832,0.955
U47298,U4729833,0.954
U47298,U4729834,0.954
U47298,U4729835,0.954
U47298,U4729836,0.953
U47298,U4729837,0.953
U47298,U4729838,0.953
U47298,U4729839,0.952
U47298,U4729840,0.952
U47298,U4729841,0.896
U47298,U4729842,0.895
U47298,U4729843,0.895
U47298,U4729844,0.894
U47298,U4729845,0.894
U47298,U4729846,0.894
U47298,U4729847,0.894
U47298,U4729848,0.894
U47298,U4729849,0.894
U47298,U4729850,0.894
U47298,U4729851,0.893
U47298,U4729852,0.893
U47298,U4729853,0.893
U47298,U4729854,0.892
U47298,U4729855,0.892
U47298,U4729856,0.892
U47298,U4729857,0.891
U47298,U4729858,0.863
U47298,U4729859,0.862
U47298,U4729860,0.861
U47298,U4729861,0.837
U47298,U4729862,0.837
U47298,U4729863,0.836
U47298,U4729864,0.834
U47298,U4729865,0.834
U47298,U4729866,0.833
U47298,U4729867,0.765
U47298,U4729868,0.765
U47298,U4729869,0.764
U47298,U4729870,0.764
U47298,U4729871,0.764
U47298,U4729872,0.764
U47298,U4729873,0.764
U47298,U4729874,0.764
U47298,U4729875,0.764
U47298,U4729876,0.764
U47298,U4729877,0.763
U47298,U4729878,0.628
U47298,U4729879,0.627
U47298,U4729880,0.352
U47298,U4729881,0.351
U47298,U4729882,0.349
U47298,U4729883,0.349
U47298,U4729884,0.347
U47298,U4729885,0.345
U47298,U4729886,0.344
U47298,U4729887,0.343
U47298,U4729888,0.341
U47298,U4729889,0.34
U47298,U4729890,0.34
U47298,U4729891,0.337
U47298,U4729892,0.337
U47298,U4729893,0.334
U47298,U4729894,0.33
U47298,U4729895,0.328
U47298,U4729896,0.327
U47298,U4729897,0.326
U47298,U4729898,0.324
U47298,U4729899,0.32
U47298,U47298100,0.316
U47298,U47298101,0.303
U47298,U47298102,0.294
U47298,U47298103,0.291
U47298,U47298104,0.285
U47298,U47298105,0.284
U47298,U47298106,0.441
U47298,U47298107,0.44
U47298,U47298108,0.439
U47298,U47298109,0.439
U47298,U47298110,0.439
U47298,U47298111,0.439
U47298,U47298112,0.438
U47298,U47298113,0.438
U47298,U47298114,0.438
U47298,U47298115,0.437
U47298,U47298116,0.436
U47298,U47298117,0.51
U47298,U47298118,0.51
U47298,U47298119,0.509
U47298,U47298120,0.551
U47298,U47298121,0.551
U47298,U47298122,0.55
X75932,X759321,0.782
X75932,X759322,0.825
X75932,X759323,0.693
X75932,X759324,0.341
X75932,X759325,0.335
X75932,X759326,0.319
X75932,X759327,0.318
X75932,X759328,0.305
X75932,X759329,0.278
X75932,X7593210,0.227
NM_007019,NM_0070191,0.954
NM_007019,NM_0070192,0.948
NM_007019,NM_0070193,0.924
NM_007019,NM_0070194,0.92
NM_007019,NM_0070195,0.901
NM_007019,NM_0070196,0.898
NM_007019,NM_0070197,0.881
NM_007019,NM_0070198,0.88
NM_007019,NM_0070199,0.878
NM_007019,NM_00701910,0.867
NM_007019,NM_00701911,0.862
NM_007019,NM_00701912,0.859
NM_007019,NM_00701913,0.837
NM_007019,NM_00701914,0.832
NM_007019,NM_00701915,0.829
NM_007019,NM_00701916,0.828
NM_007019,NM_00701917,0.823
NM_007019,NM_00701918,0.819
NM_007019,NM_00701919,0.818
NM_007019,NM_00701920,0.817
NM_007019,NM_00701921,0.816
NM_007019,NM_00701922,0.815
NM_007019,NM_00701923,0.805
NM_007019,NM_00701924,0.804
NM_007019,NM_00701925,0.8
NM_007019,NM_00701926,0.795
NM_007019,NM_00701927,0.756
NM_007019,NM_00701928,0.755
NM_007019,NM_00701929,0.753
NM_007019,NM_00701930,0.752
NM_007019,NM_00701931,0.75
NM_007019,NM_00701932,0.749
NM_007019,NM_00701933,0.749
NM_007019,NM_00701934,0.746
NM_007019,NM_00701935,0.744
NM_007019,NM_00701936,0.743
NM_007019,NM_00701937,0.721
NM_007019,NM_00701938,0.719
NM_007019,NM_00701939,0.716
NM_007019,NM_00701940,0.715
NM_007019,NM_00701941,0.712
NM_007019,NM_00701942,0.71
NM_007019,NM_00701943,0.709
NM_007019,NM_00701944,0.678
NM_007019,NM_00701945,0.677
NM_007019,NM_00701946,0.673
NM_007019,NM_00701947,0.662
NM_007019,NM_00701948,0.656
NM_007019,NM_00701949,0.652
NM_007019,NM_00701950,0.651
NM_007019,NM_00701951,0.624
NM_007019,NM_00701952,0.623
NM_007019,NM_00701953,0.619
NM_007019,NM_00701954,0.601
NM_007019,NM_00701955,0.598
NM_007019,NM_00701956,0.535
NM_007019,NM_00701957,0.531
NM_007019,NM_00701958,0.519
NM_007019,NM_00701959,0.515
NM_007019,NM_00701960,0.51
NM_007019,NM_00701961,0.495
NM_007019,NM_00701962,0.493
NM_007019,NM_00701963,0.489
NM_007019,NM_00701964,0.486
NM_007019,NM_00701965,0.483
NM_007019,NM_00701966,0.48
NM_007019,NM_00701967,0.479
NM_007019,NM_00701968,0.463
NM_007019,NM_00701969,0.437
NM_007019,NM_00701970,0.411
NM_007019,NM_00701971,0.405
NM_007019,NM_00701972,0.4
NM_007019,NM_00701973,0.392
NM_007019,NM_00701974,0.389
NM_007019,NM_00701975,0.366
NM_007019,NM_00701976,0.355
NM_005450,NM_0054501,0.995
NM_005450,NM_0054502,0.99
NM_005450,NM_0054503,0.977
NM_005450,NM_0054504,0.968
NM_005450,NM_0054505,0.904
NM_005450,NM_0054506,0.902
NM_005450,NM_0054507,0.883
NM_005450,NM_0054508,0.882
NM_005450,NM_0054509,0.88
NM_005450,NM_00545010,0.877
NM_005450,NM_00545011,0.875
NM_005450,NM_00545012,0.871
NM_005450,NM_00545013,0.869
NM_005450,NM_00545014,0.851
NM_005450,NM_00545015,0.847
NM_005450,NM_00545016,0.846
NM_005450,NM_00545017,0.846
NM_005450,NM_00545018,0.845
NM_005450,NM_00545019,0.837
NM_005450,NM_00545020,0.835
NM_005450,NM_00545021,0.833
NM_005450,NM_00545022,0.83
NM_005450,NM_00545023,0.756
NM_005450,NM_00545024,0.755
NM_005450,NM_00545025,0.751
NM_005450,NM_00545026,0.741
NM_005450,NM_00545027,0.738
NM_005450,NM_00545028,0.738
NM_005450,NM_00545029,0.738
NM_005450,NM_00545030,0.735
NM_005450,NM_00545031,0.735
NM_005450,NM_00545032,0.733
NM_005450,NM_00545033,0.703
NM_005450,NM_00545034,0.702
NM_005450,NM_00545035,0.701
NM_005450,NM_00545036,0.697
NM_005450,NM_00545037,0.695
NM_005450,NM_00545038,0.693
NM_005450,NM_00545039,0.691
NM_005450,NM_00545040,0.66
NM_005450,NM_00545041,0.659
NM_005450,NM_00545042,0.659
NM_005450,NM_00545043,0.658
NM_005450,NM_00545044,0.657
NM_005450,NM_00545045,0.65
NM_005450,NM_00545046,0.649
NM_005450,NM_00545047,0.648
NM_005450,NM_00545048,0.647
NM_005450,NM_00545049,0.646
NM_005450,NM_00545050,0.624
NM_005450,NM_00545051,0.622
NM_005450,NM_00545052,0.621
NM_005450,NM_00545053,0.62
NM_005450,NM_00545054,0.6
NM_005450,NM_00545055,0.598
NM_005450,NM_00545056,0.596
NM_005450,NM_00545057,0.584
NM_005450,NM_00545058,0.583
NM_005450,NM_00545059,0.564
NM_005450,NM_00545060,0.563
NM_005450,NM_00545061,0.562
NM_005450,NM_00545062,0.472
NM_005450,NM_00545063,0.471
NM_005450,NM_00545064,0.47
NM_005450,NM_00545065,0.416
NM_005450,NM_00545066,0.415
NM_005450,NM_00545067,0.412
NM_005450,NM_00545068,0.409
NM_005450,NM_00545069,0.301
NM_005450,NM_00545070,0.3
NM_005450,NM_00545071,0.347
NM_003348,NM_0033481,1.044
NM_003348,NM_0033482,1.0
NM_003348,NM_0033483,0.995
NM_003348,NM_0033484,0.886
NM_003348,NM_0033485,0.885
NM_003348,NM_0033486,0.882
NM_003348,NM_0033487,0.879
NM_003348,NM_0033488,0.878
NM_003348,NM_0033489,0.877
NM_003348,NM_00334810,0.875
NM_003348,NM_00334811,0.873
NM_003348,NM_00334812,0.862
NM_003348,NM_00334813,0.86
NM_003348,NM_00334814,0.859
NM_003348,NM_00334815,0.857
NM_003348,NM_00334816,0.857
NM_003348,NM_00334817,0.854
NM_003348,NM_00334818,0.854
NM_003348,NM_00334819,0.851
NM_003348,NM_00334820,0.85
NM_003348,NM_00334821,0.848
NM_003348,NM_00334822,0.842
NM_003348,NM_00334823,0.839
NM_003348,NM_00334824,0.791
NM_003348,NM_00334825,0.79
NM_003348,NM_00334826,0.789
NM_003348,NM_00334827,0.789
NM_003348,NM_00334828,0.788
NM_003348,NM_00334829,0.786
NM_003348,NM_00334830,0.786
NM_003348,NM_00334831,0.783
NM_003348,NM_00334832,0.759
NM_003348,NM_00334833,0.758
NM_003348,NM_00334834,0.757
NM_003348,NM_00334835,0.756
NM_003348,NM_00334836,0.756
NM_003348,NM_00334837,0.752
NM_003348,NM_00334838,0.751
NM_003348,NM_00334839,0.729
NM_003348,NM_00334840,0.727
NM_003348,NM_00334841,0.726
NM_003348,NM_00334842,0.703
NM_003348,NM_00334843,0.702
NM_003348,NM_00334844,0.701
NM_003348,NM_00334845,0.664
NM_003348,NM_00334846,0.663
NM_003348,NM_00334847,0.662
NM_003348,NM_00334848,0.661
NM_003348,NM_00334849,0.66
NM_003348,NM_00334850,0.641
NM_003348,NM_00334851,0.639
NM_003348,NM_00334852,0.638
NM_003348,NM_00334853,0.638
NM_003348,NM_00334854,0.637
NM_003348,NM_00334855,0.636
NM_003348,NM_00334856,0.606
NM_003348,NM_00334857,0.604
NM_003348,NM_00334858,0.602
NM_003348,NM_00334859,0.602
NM_003348,NM_00334860,0.599
NM_003348,NM_00334861,0.597
NM_003348,NM_00334862,0.596
NM_003348,NM_00334863,0.594
NM_003348,NM_00334864,0.592
NM_003348,NM_00334865,0.591
NM_003348,NM_00334866,0.59
NM_003348,NM_00334867,0.589
NM_003348,NM_00334868,0.588
NM_003348,NM_00334869,0.586
NM_003348,NM_00334870,0.585
NM_003348,NM_00334871,0.584
NM_003348,NM_00334872,0.583
NM_003348,NM_00334873,0.582
NM_003348,NM_00334874,0.578
NM_003348,NM_00334875,0.403
NM_003348,NM_00334876,0.399
NM_003348,NM_00334877,0.397
NM_003348,NM_00334878,0.371
NM_003348,NM_00334879,0.303
NM_016021,NM_0160211,1.015
NM_016021,NM_0160212,0.995
NM_016021,NM_0160213,0.994
NM_016021,NM_0160214,0.84
NM_016021,NM_0160215,0.839
NM_016021,NM_0160216,0.839
NM_016021,NM_0160217,0.839
NM_016021,NM_0160218,0.837
NM_016021,NM_0160219,0.837
NM_016021,NM_01602110,0.837
NM_016021,NM_01602111,0.836
NM_016021,NM_01602112,0.794
NM_016021,NM_01602113,0.793
NM_016021,NM_01602114,0.793
NM_016021,NM_01602115,0.793
NM_016021,NM_01602116,0.792
NM_016021,NM_01602117,0.792
NM_016021,NM_01602118,0.791
NM_016021,NM_01602119,0.791
NM_016021,NM_01602120,0.79
NM_016021,NM_01602121,0.638
NM_016021,NM_01602122,0.637
NM_016021,NM_01602123,0.637
NM_016021,NM_01602124,0.637
NM_016021,NM_01602125,0.636
NM_016021,NM_01602126,0.636
NM_016021,NM_01602127,0.635
NM_016021,NM_01602128,0.635
NM_016021,NM_01602129,0.633
NM_016021,NM_01602130,0.54
NM_016021,NM_01602131,0.539
NM_016021,NM_01602132,0.538
NM_016021,NM_01602133,0.536
NM_016021,NM_01602134,0.487
NM_016021,NM_01602135,0.486
NM_016021,NM_01602136,0.485
NM_016021,NM_01602137,0.485
NM_016021,NM_01602138,0.484
NM_016021,NM_01602139,0.483
NM_016021,NM_01602140,0.479
NM_016021,NM_01602141,0.475
NM_016021,NM_01602142,0.368
NM_016021,NM_01602143,0.358
NM_016021,NM_01602144,0.357
NM_016021,NM_01602145,0.338
NM_016021,NM_01602146,0.327
NM_016021,NM_01602147,0.308
NM_016021,NM_01602148,0.689
NM_016021,NM_01602149,0.688
NM_014176,NM_0141761,1.1
NM_014176,NM_0141762,1.082
NM_014176,NM_0141763,1.074
NM_014176,NM_0141764,1.073
NM_014176,NM_0141765,1.068
NM_014176,NM_0141766,1.062
NM_014176,NM_0141767,1.056
NM_014176,NM_0141768,0.996
NM_014176,NM_0141769,0.994
NM_014176,NM_01417610,0.993
NM_014176,NM_01417611,0.991
NM_014176,NM_01417612,0.99
NM_014176,NM_01417613,0.98
NM_014176,NM_01417614,0.979
NM_014176,NM_01417615,0.979
NM_014176,NM_01417616,0.978
NM_014176,NM_01417617,0.976
NM_014176,NM_01417618,0.975
NM_014176,NM_01417619,0.975
NM_014176,NM_01417620,0.974
NM_014176,NM_01417621,0.973
NM_014176,NM_01417622,0.972
NM_014176,NM_01417623,0.967
NM_014176,NM_01417624,0.96
NM_014176,NM_01417625,0.952
NM_014176,NM_01417626,0.951
NM_014176,NM_01417627,0.949
NM_014176,NM_01417628,0.945
NM_014176,NM_01417629,0.944
NM_014176,NM_01417630,0.942
NM_014176,NM_01417631,0.94
NM_014176,NM_01417632,0.937
NM_014176,NM_01417633,0.937
NM_014176,NM_01417634,0.933
NM_014176,NM_01417635,0.932
NM_014176,NM_01417636,0.93
NM_014176,NM_01417637,0.929
NM_014176,NM_01417638,0.928
NM_014176,NM_01417639,0.926
NM_014176,NM_01417640,0.924
NM_014176,NM_01417641,0.922
NM_014176,NM_01417642,0.921
NM_014176,NM_01417643,0.916
NM_014176,NM_01417644,0.916
NM_014176,NM_01417645,0.915
NM_014176,NM_01417646,0.913
NM_014176,NM_01417647,0.911
NM_014176,NM_01417648,0.909
NM_014176,NM_01417649,0.909
NM_014176,NM_01417650,0.906
NM_014176,NM_01417651,0.906
NM_014176,NM_01417652,0.905
NM_014176,NM_01417653,0.904
NM_014176,NM_01417654,0.903
NM_014176,NM_01417655,0.903
NM_014176,NM_01417656,0.902
NM_014176,NM_01417657,0.875
NM_014176,NM_01417658,0.871
NM_014176,NM_01417659,0.869
NM_014176,NM_01417660,0.868
NM_014176,NM_01417661,0.868
NM_014176,NM_01417662,0.867
NM_014176,NM_01417663,0.867
NM_014176,NM_01417664,0.867
NM_014176,NM_01417665,0.865
NM_014176,NM_01417666,0.865
NM_014176,NM_01417667,0.864
NM_014176,NM_01417668,0.863
NM_014176,NM_01417669,0.861
NM_014176,NM_01417670,0.86
NM_014176,NM_01417671,0.799
NM_014176,NM_01417672,0.798
NM_014176,NM_01417673,0.797
NM_014176,NM_01417674,0.796
NM_014176,NM_01417675,0.796
NM_014176,NM_01417676,0.795
NM_014176,NM_01417677,0.794
J30312,J30312_1,1.058
J30312,J30312_2,1.05
J30312,J30312_3,1.043
J30312,J30312_4,1.03
J30312,J30312_5,1.03
J30312,J30312_6,1.03
J30312,J30312_7,1.009
J30312,J30312_8,0.99
J30312,J30312_9,0.989
J30312,J30312_10,0.988
J30312,J30312_11,0.983
J30312,J30312_12,0.98
J30312,J30312_13,0.978
J30312,J30312_14,0.977
J30312,J30312_15,0.973
J30312,J30312_16,0.968
J30312,J30312_17,0.966
J30312,J30312_18,0.963
J30312,J30312_19,0.963
J30312,J30312_20,0.962
J30312,J30312_21,0.961
J30312,J30312_22,0.96
J30312,J30312_23,0.959
J30312,J30312_24,0.959
J30312,J30312_25,0.957
J30312,J30312_26,0.957
J30312,J30312_27,0.955
J30312,J30312_28,0.951
J30312,J30312_29,0.947
J30312,J30312_30,0.942
J30312,J30312_31,0.942
J30312,J30312_32,0.941
J30312,J30312_33,0.941
J30312,J30312_34,0.941
J30312,J30312_35,0.936
J30312,J30312_36,0.935
J30312,J30312_37,0.934
mrna-BD135193,mrna-BD135193_1,1.06
mrna-BD135193,mrna-BD135193_2,1.046
mrna-BD135193,mrna-BD135193_3,1.033
mrna-BD135193,mrna-BD135193_4,0.979
mrna-BD135193,mrna-BD135193_5,0.966
mrna-BD135193,mrna-BD135193_6,0.965
mrna-BD135193,mrna-BD135193_7,0.957
mrna-BD135193,mrna-BD135193_8,0.954
mrna-BD135193,mrna-BD135193_9,0.953
mrna-BD135193,mrna-BD135193_10,0.951
mrna-BD135193,mrna-BD135193_11,0.937
mrna-BD135193,mrna-BD135193_12,0.936
mrna-BD135193,mrna-BD135193_13,0.936
mrna-BD135193,mrna-BD135193_14,0.934
mrna-BD135193,mrna-BD135193_15,0.932
mrna-BD135193,mrna-BD135193_16,0.932
mrna-BD135193,mrna-BD135193_17,0.927
mrna-BD135193,mrna-BD135193_18,0.926
mrna-BD135193,mrna-BD135193_19,0.924
mrna-BD135193,mrna-BD135193_20,0.922
mrna-BD135193,mrna-BD135193_21,0.92
mrna-BD135193,mrna-BD135193_22,0.919
mrna-BD135193,mrna-BD135193_23,0.918
mrna-BD135193,mrna-BD135193_24,0.916
mrna-BD135193,mrna-BD135193_25,0.912
mrna-BD135193,mrna-BD135193_26,0.912
mrna-BD135193,mrna-BD135193_27,0.912
mrna-BD135193,mrna-BD135193_28,0.911
mrna-BD135193,mrna-BD135193_29,0.91
mrna-BD135193,mrna-BD135193_30,0.909
mrna-BD135193,mrna-BD135193_31,0.906
mrna-BD135193,mrna-BD135193_32,0.904
mrna-BD135193,mrna-BD135193_33,0.9
mrna-BD135193,mrna-BD135193_34,0.899
mrna-BD135193,mrna-BD135193_35,0.894
mrna-BD135193,mrna-BD135193_36,0.892
mrna-BD135193,mrna-BD135193_37,0.891
mrna-BD135193,mrna-BD135193_38,0.89
mrna-BD135193,mrna-BD135193_39,0.884
mrna-BD135193,mrna-BD135193_40,0.883
mrna-BD135193,mrna-BD135193_41,0.882
mrna-BD135193,mrna-BD135193_42,0.759
mrna-BD135193,mrna-BD135193_43,0.758
mrna-BD135193,mrna-BD135193_44,0.758
mrna-BD135193,mrna-BD135193_45,0.757
mrna-BD135193,mrna-BD135193_46,0.757
mrna-BD135193,mrna-BD135193_47,0.757
mrna-BD135193,mrna-BD135193_48,0.756
mrna-BD135193,mrna-BD135193_49,0.756
mrna-BD135193,mrna-BD135193_50,0.755
mrna-BD135193,mrna-BD135193_51,0.755
mrna-BD135193,mrna-BD135193_52,0.754
mrna-BD135193,mrna-BD135193_53,0.754
mrna-BD135193,mrna-BD135193_54,0.754
mrna-BD135193,mrna-BD135193_55,0.754
mrna-BD135193,mrna-BD135193_56,0.754
mrna-BD135193,mrna-BD135193_57,0.753
mrna-BD135193,mrna-BD135193_58,0.752
mrna-BD135193,mrna-BD135193_59,0.752
mrna-BD135193,mrna-BD135193_60,0.751
mrna-BD135193,mrna-BD135193_61,0.751
mrna-BD135193,mrna-BD135193_62,0.75
mrna-BD135193,mrna-BD135193_63,0.75
mrna-BD135193,mrna-BD135193_64,0.75
mrna-BD135193,mrna-BD135193_65,0.748
mrna-BD135193,mrna-BD135193_66,0.747
mrna-BD135193,mrna-BD135193_67,0.746
mrna-NM_003337,mrna-NM_003337_1,1.037
mrna-NM_003337,mrna-NM_003337_2,0.972
mrna-NM_003337,mrna-NM_003337_3,0.963
mrna-NM_003337,mrna-NM_003337_4,0.947
mrna-NM_003337,mrna-NM_003337_5,0.947
mrna-NM_003337,mrna-NM_003337_6,0.946
mrna-NM_003337,mrna-NM_003337_7,0.939
mrna-NM_003337,mrna-NM_003337_8,0.938
mrna-NM_003337,mrna-NM_003337_9,0.931
mrna-NM_003337,mrna-NM_003337_10,0.928
mrna-NM_003337,mrna-NM_003337_11,0.928
mrna-NM_003337,mrna-NM_003337_12,0.923
mrna-NM_003337,mrna-NM_003337_13,0.921
mrna-NM_003337,mrna-NM_003337_14,0.919
mrna-NM_003337,mrna-NM_003337_15,0.912
mrna-NM_003337,mrna-NM_003337_16,0.912
mrna-NM_003337,mrna-NM_003337_17,0.91
mrna-NM_003337,mrna-NM_003337_18,0.91
mrna-NM_003337,mrna-NM_003337_19,0.905
mrna-NM_003337,mrna-NM_003337_20,0.905
mrna-NM_003337,mrna-NM_003337_21,0.903
mrna-NM_003337,mrna-NM_003337_22,0.893
mrna-NM_003337,mrna-NM_003337_23,0.89
mrna-NM_003337,mrna-NM_003337_24,0.888
mrna-NM_003337,mrna-NM_003337_25,0.888
mrna-NM_003337,mrna-NM_003337_26,0.887
mrna-NM_003337,mrna-NM_003337_27,0.883
mrna-NM_003337,mrna-NM_003337_28,0.881
mrna-NM_003337,mrna-NM_003337_29,0.88
mrna-NM_003337,mrna-NM_003337_30,0.879
mrna-NM_003337,mrna-NM_003337_31,0.878
mrna-NM_003337,mrna-NM_003337_32,0.878
mrna-NM_003337,mrna-NM_003337_33,0.877
mrna-NM_003337,mrna-NM_003337_34,0.877
mrna-NM_003337,mrna-NM_003337_35,0.876
mrna-NM_003337,mrna-NM_003337_36,0.874
mrna-NM_003337,mrna-NM_003337_37,0.874
mrna-NM_003337,mrna-NM_003337_38,0.87
mrna-NM_003337,mrna-NM_003337_39,0.869
mrna-NM_003337,mrna-NM_003337_40,0.866
mrna-NM_003337,mrna-NM_003337_41,0.865
mrna-NM_003337,mrna-NM_003337_42,0.865
mrna-NM_003337,mrna-NM_003337_43,0.858
mrna-NM_003337,mrna-NM_003337_44,0.858
mrna-NM_003337,mrna-NM_003337_45,0.857
mrna-NM_003337,mrna-NM_003337_46,0.854
mrna-NM_003337,mrna-NM_003337_47,0.853
mrna-NM_003337,mrna-NM_003337_48,0.853
mrna-NM_003337,mrna-NM_003337_49,0.851
mrna-NM_003337,mrna-NM_003337_50,0.85
mrna-NM_003337,mrna-NM_003337_51,0.848
mrna-NM_003337,mrna-NM_003337_52,0.848
mrna-NM_003337,mrna-NM_003337_53,0.846
mrna-NM_003337,mrna-NM_003337_54,0.846
mrna-NM_003337,mrna-NM_003337_55,0.846
mrna-NM_003337,mrna-NM_003337_56,0.792
mrna-NM_003337,mrna-NM_003337_57,0.79
mrna-NM_003337,mrna-NM_003337_58,0.789
mrna-NM_003337,mrna-NM_003337_59,0.788
mrna-NM_003337,mrna-NM_003337_60,0.788
mrna-NM_003337,mrna-NM_003337_61,0.788
mrna-NM_003337,mrna-NM_003337_62,0.784
mrna-NM_003337,mrna-NM_003337_63,0.784
mrna-NM_003337,mrna-NM_003337_64,0.784
mrna-NM_003337,mrna-NM_003337_65,0.783
mrna-NM_003337,mrna-NM_003337_66,0.783
mrna-NM_003337,mrna-NM_003337_67,0.779
mrna-NM_003337,mrna-NM_003337_68,0.777
mrna-NM_003337,mrna-NM_003337_69,0.776
mrna-NM_003337,mrna-NM_003337_70,0.776
mrna-NM_003337,mrna-NM_003337_71,0.776
mrna-NM_003337,mrna-NM_003337_72,0.776
mrna-NM_003337,mrna-NM_003337_73,0.775
mrna-NM_003337,mrna-NM_003337_74,0.773
mrna-NM_003337,mrna-NM_003337_75,0.773
mrna-NM_003337,mrna-NM_003337_76,0.771
mrna-NM_003337,mrna-NM_003337_77,0.77
mrna-NM_003337,mrna-NM_003337_78,0.77
mrna-NM_003337,mrna-NM_003337_79,0.762
mrna-NM_003340,mrna-NM_003340_1,1.078
mrna-NM_003340,mrna-NM_003340_2,1.024
mrna-NM_003340,mrna-NM_003340_3,1.024
mrna-NM_003340,mrna-NM_003340_4,1.011
mrna-NM_003340,mrna-NM_003340_5,1.0
mrna-NM_003340,mrna-NM_003340_6,0.986
mrna-NM_003340,mrna-NM_003340_7,0.982
mrna-NM_003340,mrna-NM_003340_8,0.978
mrna-NM_003340,mrna-NM_003340_9,0.976
mrna-NM_003340,mrna-NM_003340_10,0.961
mrna-NM_003340,mrna-NM_003340_11,0.954
mrna-NM_003340,mrna-NM_003340_12,0.945
mrna-NM_003340,mrna-NM_003340_13,0.945
mrna-NM_003340,mrna-NM_003340_14,0.944
mrna-NM_003340,mrna-NM_003340_15,0.94
mrna-NM_003340,mrna-NM_003340_16,0.934
mrna-NM_003340,mrna-NM_003340_17,0.93
mrna-NM_003340,mrna-NM_003340_18,0.927
mrna-NM_003340,mrna-NM_003340_19,0.914
mrna-NM_003340,mrna-NM_003340_20,0.91
mrna-NM_003340,mrna-NM_003340_21,0.908
mrna-NM_003340,mrna-NM_003340_22,0.908
mrna-NM_003340,mrna-NM_003340_23,0.908
mrna-NM_003340,mrna-NM_003340_24,0.903
mrna-NM_003340,mrna-NM_003340_25,0.901
mrna-NM_003340,mrna-NM_003340_26,0.901
mrna-NM_003340,mrna-NM_003340_27,0.899
mrna-NM_003340,mrna-NM_003340_28,0.899
mrna-NM_003340,mrna-NM_003340_29,0.898
mrna-NM_003340,mrna-NM_003340_30,0.898
mrna-NM_003340,mrna-NM_003340_31,0.897
mrna-NM_003340,mrna-NM_003340_32,0.897
mrna-NM_003340,mrna-NM_003340_33,0.895
mrna-NM_003340,mrna-NM_003340_34,0.894
mrna-NM_003340,mrna-NM_003340_35,0.894
mrna-NM_003340,mrna-NM_003340_36,0.89
mrna-NM_003340,mrna-NM_003340_37,0.89
mrna-NM_003340,mrna-NM_003340_38,0.888
mrna-NM_003340,mrna-NM_003340_39,0.886
mrna-NM_003340,mrna-NM_003340_40,0.885
mrna-NM_003340,mrna-NM_003340_41,0.884
mrna-NM_003340,mrna-NM_003340_42,0.881
mrna-NM_003340,mrna-NM_003340_43,0.881
mrna-NM_003340,mrna-NM_003340_44,0.879
mrna-NM_003340,mrna-NM_003340_45,0.878
mrna-NM_003340,mrna-NM_003340_46,0.877
mrna-NM_003340,mrna-NM_003340_47,0.876
mrna-NM_003340,mrna-NM_003340_48,0.876
mrna-NM_003340,mrna-NM_003340_49,0.876
mrna-NM_003340,mrna-NM_003340_50,0.874
mrna-NM_003340,mrna-NM_003340_51,0.873
mrna-NM_003340,mrna-NM_003340_52,0.871
mrna-NM_003340,mrna-NM_003340_53,0.87
mrna-NM_003340,mrna-NM_003340_54,0.87
mrna-NM_003340,mrna-NM_003340_55,0.865
mrna-NM_003340,mrna-NM_003340_56,0.861
mrna-NM_003340,mrna-NM_003340_57,0.861
mrna-NM_003340,mrna-NM_003340_58,0.859
mrna-NM_003340,mrna-NM_003340_59,0.857
mrna-NM_003340,mrna-NM_003340_60,0.856
mrna-NM_003340,mrna-NM_003340_61,0.856
mrna-NM_003340,mrna-NM_003340_62,0.853
mrna-NM_003340,mrna-NM_003340_63,0.853
mrna-NM_003340,mrna-NM_003340_64,0.852
mrna-NM_003340,mrna-NM_003340_65,0.852
mrna-NM_003340,mrna-NM_003340_66,0.852
mrna-NM_003340,mrna-NM_003340_67,0.851
mrna-NM_003340,mrna-NM_003340_68,0.851
mrna-NM_003340,mrna-NM_003340_69,0.851
mrna-NM_003340,mrna-NM_003340_70,0.85
mrna-NM_003340,mrna-NM_003340_71,0.849
mrna-NM_003340,mrna-NM_003340_72,0.847
mrna-NM_003340,mrna-NM_003340_73,0.847
mrna-NM_003340,mrna-NM_003340_74,0.846
mrna-NM_003340,mrna-NM_003340_75,0.846
mrna-NM_003340,mrna-NM_003340_76,0.846
mrna-NM_003340,mrna-NM_003340_77,0.846
mrna-NM_003340,mrna-NM_003340_78,0.845
mrna-NM_003340,mrna-NM_003340_79,0.845
mrna-NM_003340,mrna-NM_003340_80,0.845
mrna-NM_003340,mrna-NM_003340_81,0.845
mrna-NM_003340,mrna-NM_003340_82,0.844
mrna-NM_003340,mrna-NM_003340_83,0.837
mrna-NM_003340,mrna-NM_003340_84,0.835
mrna-NM_003340,mrna-NM_003340_85,0.832
mrna-NM_003340,mrna-NM_003340_86,0.831
mrna-NM_003340,mrna-NM_003340_87,0.83
mrna-NM_003344,mrna-NM_003344_1,1.059
mrna-NM_003344,mrna-NM_003344_2,1.031
mrna-NM_003344,mrna-NM_003344_3,1.02
mrna-NM_003344,mrna-NM_003344_4,1.017
mrna-NM_003344,mrna-NM_003344_5,0.999
mrna-NM_003344,mrna-NM_003344_6,0.984
mrna-NM_003344,mrna-NM_003344_7,0.97
mrna-NM_003344,mrna-NM_003344_8,0.966
mrna-NM_003344,mrna-NM_003344_9,0.965
mrna-NM_003344,mrna-NM_003344_10,0.96
mrna-NM_003344,mrna-NM_003344_11,0.956
mrna-NM_003344,mrna-NM_003344_12,0.95
mrna-NM_003344,mrna-NM_003344_13,0.946
mrna-NM_003344,mrna-NM_003344_14,0.945
mrna-NM_003344,mrna-NM_003344_15,0.939
mrna-NM_003344,mrna-NM_003344_16,0.939
mrna-NM_003344,mrna-NM_003344_17,0.938
mrna-NM_003344,mrna-NM_003344_18,0.936
mrna-NM_003344,mrna-NM_003344_19,0.934
mrna-NM_003344,mrna-NM_003344_20,0.933
mrna-NM_003344,mrna-NM_003344_21,0.933
mrna-NM_003344,mrna-NM_003344_22,0.928
mrna-NM_003344,mrna-NM_003344_23,0.927
mrna-NM_003344,mrna-NM_003344_24,0.921
mrna-NM_003344,mrna-NM_003344_25,0.916
mrna-NM_003344,mrna-NM_003344_26,0.916
mrna-NM_003344,mrna-NM_003344_27,0.915
mrna-NM_003344,mrna-NM_003344_28,0.913
mrna-NM_003344,mrna-NM_003344_29,0.91
mrna-NM_003344,mrna-NM_003344_30,0.909
mrna-NM_003344,mrna-NM_003344_31,0.909
mrna-NM_003344,mrna-NM_003344_32,0.909
mrna-NM_003344,mrna-NM_003344_33,0.901
mrna-NM_003344,mrna-NM_003344_34,0.9
mrna-NM_003344,mrna-NM_003344_35,0.899
mrna-NM_003344,mrna-NM_003344_36,0.896
mrna-NM_003344,mrna-NM_003344_37,0.896
mrna-NM_003344,mrna-NM_003344_38,0.895
mrna-NM_003344,mrna-NM_003344_39,0.894
mrna-NM_003344,mrna-NM_003344_40,0.892
mrna-NM_003344,mrna-NM_003344_41,0.888
mrna-NM_003344,mrna-NM_003344_42,0.886
mrna-NM_003344,mrna-NM_003344_43,0.886
mrna-NM_003344,mrna-NM_003344_44,0.886
mrna-NM_003344,mrna-NM_003344_45,0.886
mrna-NM_003344,mrna-NM_003344_46,0.885
mrna-NM_003344,mrna-NM_003344_47,0.883
mrna-NM_003344,mrna-NM_003344_48,0.882
mrna-NM_003344,mrna-NM_003344_49,0.882
mrna-NM_003344,mrna-NM_003344_50,0.88
mrna-NM_003344,mrna-NM_003344_51,0.878
mrna-NM_003344,mrna-NM_003344_52,0.877
mrna-NM_003344,mrna-NM_003344_53,0.877
mrna-NM_003344,mrna-NM_003344_54,0.876
mrna-NM_003344,mrna-NM_003344_55,0.873
mrna-NM_003344,mrna-NM_003344_56,0.873
mrna-NM_003344,mrna-NM_003344_57,0.872
mrna-NM_003344,mrna-NM_003344_58,0.872
mrna-NM_003344,mrna-NM_003344_59,0.867
mrna-NM_003344,mrna-NM_003344_60,0.866
mrna-NM_003344,mrna-NM_003344_61,0.866
mrna-NM_003344,mrna-NM_003344_62,0.866
mrna-NM_003344,mrna-NM_003344_63,0.865
mrna-NM_003344,mrna-NM_003344_64,0.865
mrna-NM_003344,mrna-NM_003344_65,0.864
mrna-NM_003344,mrna-NM_003344_66,0.864
mrna-NM_003344,mrna-NM_003344_67,0.861
mrna-NM_003344,mrna-NM_003344_68,0.861
mrna-NM_003344,mrna-NM_003344_69,0.86
mrna-NM_003344,mrna-NM_003344_70,0.859
mrna-NM_004359,mrna-NM_004359_1,0.944
mrna-NM_004359,mrna-NM_004359_2,0.941
mrna-NM_004359,mrna-NM_004359_3,0.909
mrna-NM_004359,mrna-NM_004359_4,0.901
mrna-NM_004359,mrna-NM_004359_5,0.882
mrna-NM_004359,mrna-NM_004359_6,0.88
mrna-NM_004359,mrna-NM_004359_7,0.879
mrna-NM_004359,mrna-NM_004359_8,0.872
mrna-NM_004359,mrna-NM_004359_9,0.864
mrna-NM_004359,mrna-NM_004359_10,0.862
mrna-NM_004359,mrna-NM_004359_11,0.861
mrna-NM_004359,mrna-NM_004359_12,0.861
mrna-NM_004359,mrna-NM_004359_13,0.858
mrna-NM_004359,mrna-NM_004359_14,0.856
mrna-NM_004359,mrna-NM_004359_15,0.856
mrna-NM_004359,mrna-NM_004359_16,0.855
mrna-NM_004359,mrna-NM_004359_17,0.853
mrna-NM_004359,mrna-NM_004359_18,0.843
mrna-NM_004359,mrna-NM_004359_19,0.843
mrna-NM_004359,mrna-NM_004359_20,0.839
mrna-NM_004359,mrna-NM_004359_21,0.836
mrna-NM_004359,mrna-NM_004359_22,0.83
mrna-NM_004359,mrna-NM_004359_23,0.828
mrna-NM_004359,mrna-NM_004359_24,0.821
mrna-NM_004359,mrna-NM_004359_25,0.817
mrna-NM_004359,mrna-NM_004359_26,0.815
mrna-NM_004359,mrna-NM_004359_27,0.809
mrna-NM_004359,mrna-NM_004359_28,0.807
mrna-NM_004359,mrna-NM_004359_29,0.807
mrna-NM_004359,mrna-NM_004359_30,0.806
mrna-NM_004359,mrna-NM_004359_31,0.805
mrna-NM_004359,mrna-NM_004359_32,0.803
mrna-NM_004359,mrna-NM_004359_33,0.798
mrna-NM_004359,mrna-NM_004359_34,0.796
mrna-NM_004359,mrna-NM_004359_35,0.795
mrna-NM_004359,mrna-NM_004359_36,0.795
mrna-NM_004359,mrna-NM_004359_37,0.793
mrna-NM_004359,mrna-NM_004359_38,0.791
mrna-NM_004359,mrna-NM_004359_39,0.788
mrna-NM_004359,mrna-NM_004359_40,0.786
mrna-NM_004359,mrna-NM_004359_41,0.781
mrna-NM_004359,mrna-NM_004359_42,0.779
mrna-NM_004359,mrna-NM_004359_43,0.774
mrna-NM_004359,mrna-NM_004359_44,0.774
mrna-NM_004359,mrna-NM_004359_45,0.767
mrna-NM_004359,mrna-NM_004359_46,0.767
mrna-NM_004359,mrna-NM_004359_47,0.766
mrna-NM_004359,mrna-NM_004359_48,0.764
mrna-NM_004359,mrna-NM_004359_49,0.764
mrna-NM_004359,mrna-NM_004359_50,0.761
mrna-NM_004359,mrna-NM_004359_51,0.759
mrna-NM_004359,mrna-NM_004359_52,0.759
mrna-NM_004359,mrna-NM_004359_53,0.692
mrna-NM_004359,mrna-NM_004359_54,0.692
mrna-NM_004359,mrna-NM_004359_55,0.691
mrna-NM_004359,mrna-NM_004359_56,0.691
mrna-NM_004359,mrna-NM_004359_57,0.69
NM_003347,NM_003347_1,1.089
NM_003347,NM_003347_2,1.08
NM_003347,NM_003347_3,0.988
NM_003347,NM_003347_4,0.986
NM_003347,NM_003347_5,0.977
NM_003347,NM_003347_6,0.96
NM_003347,NM_003347_7,0.95
NM_003347,NM_003347_8,0.946
NM_003347,NM_003347_9,0.943
NM_003347,NM_003347_10,0.942
NM_003347,NM_003347_11,0.93
NM_003347,NM_003347_12,0.929
NM_003347,NM_003347_13,0.926
NM_003347,NM_003347_14,0.922
NM_003347,NM_003347_15,0.921
NM_003347,NM_003347_16,0.919
NM_003347,NM_003347_17,0.919
NM_003347,NM_003347_18,0.917
NM_003347,NM_003347_19,0.909
NM_003347,NM_003347_20,0.906
NM_003347,NM_003347_21,0.904
NM_003347,NM_003347_22,0.904
NM_003347,NM_003347_23,0.902
NM_003347,NM_003347_24,0.901
NM_003347,NM_003347_25,0.9
NM_003347,NM_003347_26,0.895
NM_003347,NM_003347_27,0.893
NM_003347,NM_003347_28,0.89
NM_003347,NM_003347_29,0.884
NM_003347,NM_003347_30,0.881
NM_003347,NM_003347_31,0.881
NM_003347,NM_003347_32,0.878
NM_003347,NM_003347_33,0.877
NM_003347,NM_003347_34,0.875
NM_003347,NM_003347_35,0.873
NM_003347,NM_003347_36,0.85
NM_003347,NM_003347_37,0.849
NM_003347,NM_003347_38,0.849
NM_003347,NM_003347_39,0.848
NM_003347,NM_003347_40,0.845
NM_003347,NM_003347_41,0.844
NM_003347,NM_003347_42,0.843
NM_003347,NM_003347_43,0.834
NM_003347,NM_003347_44,0.834
NM_003347,NM_003347_45,0.832
NM_003347,NM_003347_46,0.831
NM_003347,NM_003347_47,0.831
NM_003347,NM_003347_48,0.828
NM_003347,NM_003347_49,0.826
NM_003347,NM_003347_50,0.826
NM_003347,NM_003347_51,0.43
NM_003347,NM_003347_52,0.402
NM_003347,NM_003347_53,0.381
NM_004223,NM_004223_1,1.06
NM_004223,NM_004223_2,1.02
NM_004223,NM_004223_3,0.989
NM_004223,NM_004223_4,0.985
NM_004223,NM_004223_5,0.971
NM_004223,NM_004223_6,0.968
NM_004223,NM_004223_7,0.955
NM_004223,NM_004223_8,0.938
NM_004223,NM_004223_9,0.932
NM_004223,NM_004223_10,0.927
NM_004223,NM_004223_11,0.927
NM_004223,NM_004223_12,0.926
NM_004223,NM_004223_13,0.923
NM_004223,NM_004223_14,0.921
NM_004223,NM_004223_15,0.92
NM_004223,NM_004223_16,0.918
NM_004223,NM_004223_17,0.906
NM_004223,NM_004223_18,0.904
NM_004223,NM_004223_19,0.898
NM_004223,NM_004223_20,0.898
NM_004223,NM_004223_21,0.896
NM_004223,NM_004223_22,0.894
NM_004223,NM_004223_23,0.894
NM_004223,NM_004223_24,0.891
NM_004223,NM_004223_25,0.89
NM_004223,NM_004223_26,0.889
NM_004223,NM_004223_27,0.886
NM_004223,NM_004223_28,0.884
NM_004223,NM_004223_29,0.876
NM_004223,NM_004223_30,0.874
NM_004223,NM_004223_31,0.872
NM_004223,NM_004223_32,0.872
NM_004223,NM_004223_33,0.869
NM_004223,NM_004223_34,0.867
NM_004223,NM_004223_35,0.856
NM_004223,NM_004223_36,0.854
NM_004223,NM_004223_37,0.849
NM_004223,NM_004223_38,0.849
NM_004223,NM_004223_39,0.845
NM_004223,NM_004223_40,0.843
NM_004223,NM_004223_41,0.837
NM_004223,NM_004223_42,0.833
NM_004223,NM_004223_43,0.832
NM_004223,NM_004223_44,0.832
NM_004223,NM_004223_45,0.83
NM_004223,NM_004223_46,0.83
NM_004223,NM_004223_47,0.827
NM_004223,NM_004223_48,0.825
NM_004223,NM_004223_49,0.824
NM_004223,NM_004223_50,0.82
NM_004223,NM_004223_51,0.82
NM_004223,NM_004223_52,0.817
NM_004223,NM_004223_53,0.817
NM_004223,NM_004223_54,0.816
NM_004223,NM_004223_55,0.814
NM_004223,NM_004223_56,0.814
NM_004223,NM_004223_57,0.814
NM_004223,NM_004223_58,0.812
NM_004223,NM_004223_59,0.812
NM_004223,NM_004223_60,0.76
NM_004223,NM_004223_61,0.76
NM_004223,NM_004223_62,0.758
NM_004223,NM_004223_63,0.757
NM_004223,NM_004223_64,0.756
NM_004223,NM_004223_65,0.756
NM_004223,NM_004223_66,0.754
NM_004223,NM_004223_67,0.753
NM_004223,NM_004223_68,0.713
NM_004223,NM_004223_69,0.71
NM_004223,NM_004223_70,0.709
NM_004223,NM_004223_71,0.709
NM_004223,NM_004223_72,0.709
NM_014501,NM_014501_1,0.964
NM_014501,NM_014501_2,0.922
NM_014501,NM_014501_3,0.906
NM_014501,NM_014501_4,0.904
NM_014501,NM_014501_5,0.896
NM_014501,NM_014501_6,0.893
NM_014501,NM_014501_7,0.88
NM_014501,NM_014501_8,0.873
NM_014501,NM_014501_9,0.867
NM_014501,NM_014501_10,0.861
NM_014501,NM_014501_11,0.861
NM_014501,NM_014501_12,0.859
NM_014501,NM_014501_13,0.855
NM_014501,NM_014501_14,0.855
NM_014501,NM_014501_15,0.855
NM_014501,NM_014501_16,0.853
NM_014501,NM_014501_17,0.849
NM_014501,NM_014501_18,0.846
NM_014501,NM_014501_19,0.845
NM_014501,NM_014501_20,0.831
NM_014501,NM_014501_21,0.827
NM_014501,NM_014501_22,0.827
NM_014501,NM_014501_23,0.822
NM_014501,NM_014501_24,0.821
NM_014501,NM_014501_25,0.821
NM_014501,NM_014501_26,0.818
NM_014501,NM_014501_27,0.813
NM_014501,NM_014501_28,0.813
NM_014501,NM_014501_29,0.811
NM_014501,NM_014501_30,0.809
NM_014501,NM_014501_31,0.806
NM_014501,NM_014501_32,0.798
NM_014501,NM_014501_33,0.797
NM_014501,NM_014501_34,0.794
NM_014501,NM_014501_35,0.793
NM_014501,NM_014501_36,0.789
NM_014501,NM_014501_37,0.787
NM_014501,NM_014501_38,0.785
NM_014501,NM_014501_39,0.785
NM_014501,NM_014501_40,0.785
NM_014501,NM_014501_41,0.784
NM_014501,NM_014501_42,0.784
NM_014501,NM_014501_43,0.782
NM_014501,NM_014501_44,0.78
NM_014501,NM_014501_45,0.776
NM_014501,NM_014501_46,0.774
NM_014501,NM_014501_47,0.773
NM_014501,NM_014501_48,0.772
NM_014501,NM_014501_49,0.767
NM_014501,NM_014501_50,0.766
NM_014501,NM_014501_51,0.765
NM_014501,NM_014501_52,0.765
NM_014501,NM_014501_53,0.763
NM_014501,NM_014501_54,0.758
NM_014501,NM_014501_55,0.757
NM_014501,NM_014501_56,0.755
NM_014501,NM_014501_57,0.707
NM_014501,NM_014501_58,0.702
NM_014501,NM_014501_59,0.7
NM_014501,NM_014501_60,0.699
NM_014501,NM_014501_61,0.699
NM_014501,NM_014501_62,0.699
NM_014501,NM_014501_63,0.698
NM_014501,NM_014501_64,0.698
NM_014501,NM_014501_65,0.697
NM_014501,NM_014501_66,0.697
NM_014501,NM_014501_67,0.697
NM_014501,NM_014501_68,0.696
NM_014501,NM_014501_69,0.695
NM_014501,NM_014501_70,0.693
NM_014501,NM_014501_71,0.693
NM_014501,NM_014501_72,0.691
NM_014501,NM_014501_73,0.69
NM_014501,NM_014501_74,0.678
NM_014501,NM_014501_75,0.678
NM_014501,NM_014501_76,0.677
NM_014501,NM_014501_77,0.675
NM_014501,NM_014501_78,0.675
NM_014501,NM_014501_79,0.673
NM_015213,NM_015213_1,1.105
NM_015213,NM_015213_2,1.087
NM_015213,NM_015213_3,1.049
NM_015213,NM_015213_4,1.04
NM_015213,NM_015213_5,1.035
NM_015213,NM_015213_6,1.017
NM_015213,NM_015213_7,1.013
NM_015213,NM_015213_8,1.01
NM_015213,NM_015213_9,1.01
NM_015213,NM_015213_10,1.01
NM_015213,NM_015213_11,1.005
NM_015213,NM_015213_12,1.005
NM_015213,NM_015213_13,1.003
NM_015213,NM_015213_14,1.001
NM_015213,NM_015213_15,0.998
NM_015213,NM_015213_16,0.997
NM_015213,NM_015213_17,0.992
NM_015213,NM_015213_18,0.992
NM_015213,NM_015213_19,0.99
NM_015213,NM_015213_20,0.989
NM_015213,NM_015213_21,0.988
NM_015213,NM_015213_22,0.987
NM_015213,NM_015213_23,0.986
NM_015213,NM_015213_24,0.986
NM_015213,NM_015213_25,0.986
NM_015213,NM_015213_26,0.985
NM_015213,NM_015213_27,0.982
NM_015213,NM_015213_28,0.981
NM_015213,NM_015213_29,0.98
NM_015213,NM_015213_30,0.977
NM_015213,NM_015213_31,0.977
NM_015213,NM_015213_32,0.977
NM_015213,NM_015213_33,0.975
NM_015213,NM_015213_34,0.974
NM_015213,NM_015213_35,0.974
NM_015213,NM_015213_36,0.972
NM_015213,NM_015213_37,0.971
NM_015213,NM_015213_38,0.97
NM_015213,NM_015213_39,0.939
NM_015213,NM_015213_40,0.938
NM_015213,NM_015213_41,0.938
NM_015213,NM_015213_42,0.938
NM_015213,NM_015213_43,0.937
NM_015213,NM_015213_44,0.937
NM_015213,NM_015213_45,0.937
NM_015213,NM_015213_46,0.937
NM_015213,NM_015213_47,0.937
NM_015213,NM_015213_48,0.936
NM_015213,NM_015213_49,0.936
NM_015213,NM_015213_50,0.935
NM_015213,NM_015213_51,0.934
NM_015213,NM_015213_52,0.934
NM_015213,NM_015213_53,0.933
NM_015213,NM_015213_54,0.933
NM_015213,NM_015213_55,0.931
NM_015213,NM_015213_56,0.931
NM_015213,NM_015213_57,0.931
NM_015213,NM_015213_58,0.931
NM_015213,NM_015213_59,0.928
NM_015213,NM_015213_60,0.928
NM_015213,NM_015213_61,0.927
NM_015213,NM_015213_62,0.925
NM_015213,NM_015213_63,0.925
NM_015213,NM_015213_64,0.925
NM_015213,NM_015213_65,0.924
NM_015213,NM_015213_66,0.924
NM_015213,NM_015213_67,0.923
NM_015213,NM_015213_68,0.923
NM_015213,NM_015213_69,0.923
NM_015213,NM_015213_70,0.923
NM_015213,NM_015213_71,0.923
NM_015213,NM_015213_72,0.923
NM_015213,NM_015213_73,0.921
NM_015213,NM_015213_74,0.921
NM_015213,NM_015213_75,0.92
NM_015213,NM_015213_76,0.92
NM_015213,NM_015213_77,0.92
NM_015213,NM_015213_78,0.919
NM_015213,NM_015213_79,0.918
NM_015213,NM_015213_80,0.916
NM_015213,NM_015213_81,0.916
NM_015213,NM_015213_82,0.915
NM_015213,NM_015213_83,0.915
NM_015213,NM_015213_84,0.915
NM_015213,NM_015213_85,0.915
NM_015213,NM_015213_86,0.897
NM_015213,NM_015213_87,0.897
NM_015213,NM_015213_88,0.896
NM_015213,NM_015213_89,0.896
NM_015213,NM_015213_90,0.895
NM_015213,NM_015213_91,0.895
NM_015213,NM_015213_92,0.895
NM_015213,NM_015213_93,0.895
NM_015213,NM_015213_94,0.895
NM_015213,NM_015213_95,0.894
NM_015213,NM_015213_96,0.894
NM_015213,NM_015213_97,0.893
NM_015213,NM_015213_98,0.892
NM_015213,NM_015213_99,0.891
NM_015213,NM_015213_100,0.891
NM_015213,NM_015213_101,0.891
NM_015213,NM_015213_102,0.89
NM_015213,NM_015213_103,0.89
NM_015213,NM_015213_104,0.89
NM_015213,NM_015213_105,0.889
NM_015213,NM_015213_106,0.889
NM_015213,NM_015213_107,0.889
NM_015213,NM_015213_108,0.888
NM_015213,NM_015213_109,0.888
NM_015213,NM_015213_110,0.888
NM_015213,NM_015213_111,0.887
NM_015213,NM_015213_112,0.887
NM_015213,NM_015213_113,0.879
NM_015213,NM_015213_114,0.879
NM_015213,NM_015213_115,0.878
NM_015213,NM_015213_116,0.878
NM_015213,NM_015213_117,0.876
NM_015213,NM_015213_118,0.876
NM_015213,NM_015213_119,0.876
NM_015213,NM_015213_120,0.876
NM_015213,NM_015213_121,0.873
NM_015213,NM_015213_122,0.872
NM_015213,NM_015213_123,0.872
NM_015213,NM_015213_124,0.871
NM_015213,NM_015213_125,0.871
NM_015213,NM_015213_126,0.871
NM_016406,NM_016406_1,1.017
NM_016406,NM_016406_2,1.015
NM_016406,NM_016406_3,1.013
NM_016406,NM_016406_4,1.007
NM_016406,NM_016406_5,1.006
NM_016406,NM_016406_6,1.006
NM_016406,NM_016406_7,1.003
NM_016406,NM_016406_8,0.999
NM_016406,NM_016406_9,0.989
NM_016406,NM_016406_10,0.989
NM_016406,NM_016406_11,0.982
NM_016406,NM_016406_12,0.98
NM_016406,NM_016406_13,0.977
NM_016406,NM_016406_14,0.965
NM_016406,NM_016406_15,0.962
NM_016406,NM_016406_16,0.961
NM_016406,NM_016406_17,0.961
NM_016406,NM_016406_18,0.959
NM_016406,NM_016406_19,0.953
NM_016406,NM_016406_20,0.952
NM_016406,NM_016406_21,0.949
NM_016406,NM_016406_22,0.94
NM_016406,NM_016406_23,0.935
NM_016406,NM_016406_24,0.931
NM_016406,NM_016406_25,0.93
NM_016406,NM_016406_26,0.93
NM_016406,NM_016406_27,0.929
NM_016406,NM_016406_28,0.926
NM_016406,NM_016406_29,0.926
NM_016406,NM_016406_30,0.918
NM_016406,NM_016406_31,0.917
NM_016406,NM_016406_32,0.915
NM_016406,NM_016406_33,0.914
NM_016406,NM_016406_34,0.907
NM_016406,NM_016406_35,0.906
NM_016406,NM_016406_36,0.906
NM_016406,NM_016406_37,0.904
NM_016406,NM_016406_38,0.902
NM_016406,NM_016406_39,0.901
NM_016406,NM_016406_40,0.891
NM_016406,NM_016406_41,0.888
NM_016406,NM_016406_42,0.887
NM_016406,NM_016406_43,0.886
NM_016406,NM_016406_44,0.885
NM_016406,NM_016406_45,0.884
NM_016406,NM_016406_46,0.881
NM_016406,NM_016406_47,0.88
NM_016406,NM_016406_48,0.88
NM_016406,NM_016406_49,0.879
NM_016406,NM_016406_50,0.879
NM_016406,NM_016406_51,0.877
NM_016406,NM_016406_52,0.875
NM_016406,NM_016406_53,0.872
NM_016406,NM_016406_54,0.87
NM_016406,NM_016406_55,0.869
NM_016406,NM_016406_56,0.864
NM_016406,NM_016406_57,0.864
NM_016406,NM_016406_58,0.861
NM_016406,NM_016406_59,0.859
NM_016406,NM_016406_60,0.859
NM_016406,NM_016406_61,0.857
NM_016406,NM_016406_62,0.855
NM_016406,NM_016406_63,0.855
NM_016406,NM_016406_64,0.854
NM_016406,NM_016406_65,0.834
NM_016406,NM_016406_66,0.834
NM_016406,NM_016406_67,0.833
NM_016406,NM_016406_68,0.832
NM_016406,NM_016406_69,0.831
NM_016406,NM_016406_70,0.83
XM_371822,XM_371822_1,1.064
XM_371822,XM_371822_2,1.034
XM_371822,XM_371822_3,1.019
XM_371822,XM_371822_4,0.992
XM_371822,XM_371822_5,0.98
XM_371822,XM_371822_6,0.98
XM_371822,XM_371822_7,0.977
XM_371822,XM_371822_8,0.976
XM_371822,XM_371822_9,0.971
XM_371822,XM_371822_10,0.97
XM_371822,XM_371822_11,0.969
XM_371822,XM_371822_12,0.965
XM_371822,XM_371822_13,0.948
XM_371822,XM_371822_14,0.943
XM_371822,XM_371822_15,0.942
XM_371822,XM_371822_16,0.938
XM_371822,XM_371822_17,0.935
XM_371822,XM_371822_18,0.934
XM_371822,XM_371822_19,0.932
XM_371822,XM_371822_20,0.931
XM_371822,XM_371822_21,0.929
XM_371822,XM_371822_22,0.929
XM_371822,XM_371822_23,0.928
XM_371822,XM_371822_24,0.928
XM_371822,XM_371822_25,0.927
XM_371822,XM_371822_26,0.926
XM_371822,XM_371822_27,0.926
XM_371822,XM_371822_28,0.925
XM_371822,XM_371822_29,0.925
XM_371822,XM_371822_30,0.924
XM_371822,XM_371822_31,0.922
XM_371822,XM_371822_32,0.92
XM_371822,XM_371822_33,0.92
XM_371822,XM_371822_34,0.919
XM_371822,XM_371822_35,0.917
XM_371822,XM_371822_36,0.917
XM_371822,XM_371822_37,0.917
XM_371822,XM_371822_38,0.914
XM_371822,XM_371822_39,0.914
XM_371822,XM_371822_40,0.911
XM_371822,XM_371822_41,0.908
XM_371822,XM_371822_42,0.907
XM_371822,XM_371822_43,0.907
XM_371822,XM_371822_44,0.906
XM_371822,XM_371822_45,0.905
XM_371822,XM_371822_46,0.905
XM_371822,XM_371822_47,0.903
XM_371822,XM_371822_48,0.903
XM_371822,XM_371822_49,0.902
XM_371822,XM_371822_50,0.901
XM_371822,XM_371822_51,0.9
XM_371822,XM_371822_52,0.898
XM_371822,XM_371822_53,0.896
XM_371822,XM_371822_54,0.871
XM_371822,XM_371822_55,0.871
XM_371822,XM_371822_56,0.87
XM_371822,XM_371822_57,0.87
XM_371822,XM_371822_58,0.869
XM_371822,XM_371822_59,0.869
XM_371822,XM_371822_60,0.868
XM_371822,XM_371822_61,0.868
XM_371822,XM_371822_62,0.867
XM_371822,XM_371822_63,0.865
XM_371822,XM_371822_64,0.865
XM_371822,XM_371822_65,0.841
XM_371822,XM_371822_66,0.84
XM_371822,XM_371822_67,0.839
XM_371822,XM_371822_68,0.839
XM_371822,XM_371822_69,0.838
XM_371822,XM_371822_70,0.838
XM_371822,XM_371822_71,0.838
XM_371822,XM_371822_72,0.836
XM_371822,XM_371822_73,0.836
XM_371822,XM_371822_74,0.836
XM_371822,XM_371822_75,0.835
XM_371822,XM_371822_76,0.835
XM_371822,XM_371822_77,0.834
XM_371822,XM_371822_78,0.834
XM_371822,XM_371822_79,0.834
XM_371822,XM_371822_80,0.834
XM_371822,XM_371822_81,0.833
XM_371822,XM_371822_82,0.833
XM_371822,XM_371822_83,0.832
XM_371822,XM_371822_84,0.832
XM_371822,XM_371822_85,0.832
XM_371822,XM_371822_86,0.831
XM_371822,XM_371822_87,0.831
XM_371822,XM_371822_88,0.831
XM_371822,XM_371822_89,0.83
XM_371822,XM_371822_90,0.83
XM_371822,XM_371822_91,0.829
XM_371822,XM_371822_92,0.829
XM_371822,XM_371822_93,0.828
XM_371822,XM_371822_94,0.828
XM_371822,XM_371822_95,0.828
XM_371822,XM_371822_96,0.828
XM_371822,XM_371822_97,0.822
XM_371822,XM_371822_98,0.822
XM_371822,XM_371822_99,0.821
XM_371822,XM_371822_100,0.821
XM_371822,XM_371822_101,0.821
XM_371822,XM_371822_102,0.821
XM_371822,XM_371822_103,0.82
XM_371822,XM_371822_104,0.82
XM_371822,XM_371822_105,0.819
XM_371822,XM_371822_106,0.819
XM_371822,XM_371822_107,0.818
XM_371822,XM_371822_108,0.818
XM_371822,XM_371822_109,0.818
XM_371822,XM_371822_110,0.817
XM_371822,XM_371822_111,0.816
XM_371822,XM_371822_112,0.815
XM_371822,XM_371822_113,0.815
XM_371822,XM_371822_114,0.815
XM_371822,XM_371822_115,0.814
XM_371822,XM_371822_116,0.814
XM_371822,XM_371822_117,0.814
XM_371822,XM_371822_118,0.813
XM_371822,XM_371822_119,0.809
XM_371822,XM_371822_120,0.808
XM_371822,XM_371822_121,0.808
XM_371822,XM_371822_122,0.807
XM_371822,XM_371822_123,0.807
XM_371822,XM_371822_124,0.805
XM_371822,XM_371822_125,0.804
XM_371822,XM_371822_126,0.804
XM_371822,XM_371822_127,0.796
XM_371822,XM_371822_128,0.796
XM_371822,XM_371822_129,0.795
XM_371822,XM_371822_130,0.795
XM_371822,XM_371822_131,0.795
XM_371822,XM_371822_132,0.794
XM_371822,XM_371822_133,0.794
XM_371822,XM_371822_134,0.794
XM_371822,XM_371822_135,0.794
XM_371822,XM_371822_136,0.794
XM_371822,XM_371822_137,0.794
XM_371822,XM_371822_138,0.793
XM_371822,XM_371822_139,0.793
XM_371822,XM_371822_140,0.792
XM_371822,XM_371822_141,0.792
XM_371822,XM_371822_142,0.792
XM_371822,XM_371822_143,0.789
XM_371822,XM_371822_144,0.789
XM_371822,XM_371822_145,0.789
mrna - M60857,mrna - M60857_1,1.072
mrna - M60857,mrna - M60857_2,1.065
mrna - M60857,mrna - M60857_3,1.042
mrna - M60857,mrna - M60857_4,1.027
mrna - M60857,mrna - M60857_5,1.019
mrna - M60857,mrna - M60857_6,1.009
mrna - M60857,mrna - M60857_7,0.996
mrna - M60857,mrna - M60857_8,0.992
mrna - M60857,mrna - M60857_9,0.989
mrna - M60857,mrna - M60857_10,0.989
mrna - M60857,mrna - M60857_11,0.988
mrna - M60857,mrna - M60857_12,0.986
mrna - M60857,mrna - M60857_13,0.986
mrna - M60857,mrna - M60857_14,0.985
mrna - M60857,mrna - M60857_15,0.965
mrna - M60857,mrna - M60857_16,0.961
mrna - M60857,mrna - M60857_17,0.795
mrna - M60857,mrna - M60857_18,0.793
mrna - M60857,mrna - M60857_19,0.793
mrna - M60857,mrna - M60857_20,0.791
mrna - M60857,mrna - M60857_21,0.79
mrna - M60857,mrna - M60857_22,0.789
mrna - M60857,mrna - M60857_23,0.788
mrna - M60857,mrna - M60857_24,0.788
mrna - M60857,mrna - M60857_25,0.788
mrna - M60857,mrna - M60857_26,0.787
mrna - M60857,mrna - M60857_27,0.785
mrna - M60857,mrna - M60857_28,0.785
mrna - M60857,mrna - M60857_29,0.784
mrna - M60857,mrna - M60857_30,0.783
mrna - M60857,mrna - M60857_31,0.686
mrna - M60857,mrna - M60857_32,0.686
mrna - M60857,mrna - M60857_33,0.685
mrna - M60857,mrna - M60857_34,0.684
mrna - M60857,mrna - M60857_35,0.684
mrna - M60857,mrna - M60857_36,0.684
mrna - M60857,mrna - M60857_37,0.684
mrna - M60857,mrna - M60857_38,0.684
mrna - M60857,mrna - M60857_39,0.682
mrna - M60857,mrna - M60857_40,0.682
mrna - M60857,mrna - M60857_41,0.681
mrna - M60857,mrna - M60857_42,0.681
mrna - M60857,mrna - M60857_43,0.68
mrna - M60857,mrna - M60857_44,0.68
mrna - M60857,mrna - M60857_45,0.677
mrna - M60857,mrna - M60857_46,0.596
mrna - M60857,mrna - M60857_47,0.594
mrna - M60857,mrna - M60857_48,0.594
mrna - M60857,mrna - M60857_49,0.593
mrna - M60857,mrna - M60857_50,0.593
mrna - M60857,mrna - M60857_51,0.593
mrna - M60857,mrna - M60857_52,0.592
mrna - M60857,mrna - M60857_53,0.592
mrna - M60857,mrna - M60857_54,0.591
mrna - M60857,mrna - M60857_55,0.591
mrna - M60857,mrna - M60857_56,0.591
mrna - M60857,mrna - M60857_57,0.59
mrna - M60857,mrna - M60857_58,0.49
mrna - M60857,mrna - M60857_59,0.489
mrna - M60857,mrna - M60857_60,0.489
mrna - M60857,mrna - M60857_61,0.488
mrna - M60857,mrna - M60857_62,0.488
mrna - M60857,mrna - M60857_63,0.487
mrna - M60857,mrna - M60857_64,0.486
mrna - M60857,mrna - M60857_65,0.486
mrna - M60857,mrna - M60857_66,0.485
mrna - M60857,mrna - M60857_67,0.483
mrna - M60857,mrna - M60857_68,0.483
mrna - M60857,mrna - M60857_69,0.483
mrna - M60857,mrna - M60857_70,0.46
mrna - M60857,mrna - M60857_71,0.459
mrna - M60857,mrna - M60857_72,0.458
mrna - M60857,mrna - M60857_73,0.458
mrna - M60857,mrna - M60857_74,0.458
mrna - M60857,mrna - M60857_75,0.456
mrna - M60857,mrna - M60857_76,0.455
mrna - M60857,mrna - M60857_77,0.455
mrna - M60857,mrna - M60857_78,0.455
mrna - M60857,mrna - M60857_79,0.386
mrna - M60857,mrna - M60857_80,0.381
mrna - M60857,mrna - M60857_81,0.378
mrna - M60857,mrna - M60857_82,0.377
mrna - M60857,mrna - M60857_83,0.377
mrna - M60857,mrna - M60857_84,0.374
mrna - M60857,mrna - M60857_85,0.367
mrna - M60857,mrna - M60857_86,0.364
mrna - M60857,mrna - M60857_87,0.327
mrna - M60857,mrna - M60857_88,0.318
mrna - M60857,mrna - M60857_89,0.298
mrna - NM_001632,mrna - NM_001632_1,1.08
mrna - NM_001632,mrna - NM_001632_2,1.079
mrna - NM_001632,mrna - NM_001632_3,1.038
mrna - NM_001632,mrna - NM_001632_4,1.038
mrna - NM_001632,mrna - NM_001632_5,1.032
mrna - NM_001632,mrna - NM_001632_6,0.602
mrna - NM_001632,mrna - NM_001632_7,0.602
mrna - NM_001632,mrna - NM_001632_8,0.601
mrna - NM_001632,mrna - NM_001632_9,0.601
mrna - NM_001632,mrna - NM_001632_10,0.302
mrna - NM_001632,mrna - NM_001632_11,0.298
mrna - NM_001632,mrna - NM_001632_12,0.295
mrna - NM_003969,mrna - NM_003969_1,0.999
mrna - NM_003969,mrna - NM_003969_2,0.987
mrna - NM_003969,mrna - NM_003969_3,0.965
mrna - NM_003969,mrna - NM_003969_4,0.957
mrna - NM_003969,mrna - NM_003969_5,0.956
mrna - NM_003969,mrna - NM_003969_6,0.955
mrna - NM_003969,mrna - NM_003969_7,0.952
mrna - NM_003969,mrna - NM_003969_8,0.951
mrna - NM_003969,mrna - NM_003969_9,0.947
mrna - NM_003969,mrna - NM_003969_10,0.942
mrna - NM_003969,mrna - NM_003969_11,0.942
mrna - NM_003969,mrna - NM_003969_12,0.94
mrna - NM_003969,mrna - NM_003969_13,0.933
mrna - NM_003969,mrna - NM_003969_14,0.929
mrna - NM_003969,mrna - NM_003969_15,0.929
mrna - NM_003969,mrna - NM_003969_16,0.926
mrna - NM_003969,mrna - NM_003969_17,0.83
mrna - NM_003969,mrna - NM_003969_18,0.825
mrna - NM_003969,mrna - NM_003969_19,0.821
mrna - NM_003969,mrna - NM_003969_20,0.819
mrna - NM_003969,mrna - NM_003969_21,0.819
mrna - NM_003969,mrna - NM_003969_22,0.816
mrna - NM_003969,mrna - NM_003969_23,0.814
mrna - NM_003969,mrna - NM_003969_24,0.813
mrna - NM_003969,mrna - NM_003969_25,0.812
mrna - NM_003969,mrna - NM_003969_26,0.811
mrna - NM_003969,mrna - NM_003969_27,0.81
mrna - NM_003969,mrna - NM_003969_28,0.81
mrna - NM_003969,mrna - NM_003969_29,0.81
mrna - NM_003969,mrna - NM_003969_30,0.621
mrna - NM_003969,mrna - NM_003969_31,0.621
mrna - NM_003969,mrna - NM_003969_32,0.62
mrna - NM_003969,mrna - NM_003969_33,0.62
mrna - NM_003969,mrna - NM_003969_34,0.619
mrna - NM_003969,mrna - NM_003969_35,0.619
mrna - NM_003969,mrna - NM_003969_36,0.619
mrna - NM_003969,mrna - NM_003969_37,0.619
mrna - NM_003969,mrna - NM_003969_38,0.617
mrna - NM_003969,mrna - NM_003969_39,0.617
mrna - NM_003969,mrna - NM_003969_40,0.616
mrna - NM_003969,mrna - NM_003969_41,0.615
mrna - NM_003969,mrna - NM_003969_42,0.614
mrna - NM_003969,mrna - NM_003969_43,0.612
mrna - NM_003969,mrna - NM_003969_44,0.611
mrna - NM_003969,mrna - NM_003969_45,0.611
mrna - NM_003969,mrna - NM_003969_46,0.609
mrna - NM_003969,mrna - NM_003969_47,0.609
mrna - NM_003969,mrna - NM_003969_48,0.607
mrna - NM_003969,mrna - NM_003969_49,0.607
mrna - NM_003969,mrna - NM_003969_50,0.607
mrna - NM_003969,mrna - NM_003969_51,0.607
mrna - NM_003969,mrna - NM_003969_52,0.606
mrna - NM_003969,mrna - NM_003969_53,0.605
mrna - NM_003969,mrna - NM_003969_54,0.532
mrna - NM_003969,mrna - NM_003969_55,0.531
mrna - NM_003969,mrna - NM_003969_56,0.53
mrna - NM_003969,mrna - NM_003969_57,0.529
mrna - NM_003969,mrna - NM_003969_58,0.528
mrna - NM_003969,mrna - NM_003969_59,0.528
mrna - NM_003969,mrna - NM_003969_60,0.528
mrna - NM_003969,mrna - NM_003969_61,0.457
mrna - NM_003969,mrna - NM_003969_62,0.452
mrna - NM_003969,mrna - NM_003969_63,0.45
mrna - NM_003969,mrna - NM_003969_64,0.447
mrna - NM_003969,mrna - NM_003969_65,0.444
mrna - NM_003969,mrna - NM_003969_66,0.435
mrna - NM_003969,mrna - NM_003969_67,0.426
mrna - NM_003969,mrna - NM_003969_68,0.422
mrna - NM_003969,mrna - NM_003969_69,0.407
mrna - NM_003969,mrna - NM_003969_70,0.397
mrna - NM_003969,mrna - NM_003969_71,0.384
mrna - NM_003969,mrna - NM_003969_72,0.381
mrna - NM_003969,mrna - NM_003969_73,0.377
mrna - NM_003969,mrna - NM_003969_74,0.375
mrna - NM_003969,mrna - NM_003969_75,0.373
mrna - NM_003969,mrna - NM_003969_76,0.346
mrna - NM_005339,mrna - NM_005339_1,1.111
mrna - NM_005339,mrna - NM_005339_2,1.027
mrna - NM_005339,mrna - NM_005339_3,1.027
mrna - NM_005339,mrna - NM_005339_4,1.024
mrna - NM_005339,mrna - NM_005339_5,0.996
mrna - NM_005339,mrna - NM_005339_6,0.975
mrna - NM_005339,mrna - NM_005339_7,0.967
mrna - NM_005339,mrna - NM_005339_8,0.964
mrna - NM_005339,mrna - NM_005339_9,0.943
mrna - NM_005339,mrna - NM_005339_10,0.936
mrna - NM_005339,mrna - NM_005339_11,0.935
mrna - NM_005339,mrna - NM_005339_12,0.931
mrna - NM_005339,mrna - NM_005339_13,0.93
mrna - NM_005339,mrna - NM_005339_14,0.928
mrna - NM_005339,mrna - NM_005339_15,0.912
mrna - NM_005339,mrna - NM_005339_16,0.8
mrna - NM_005339,mrna - NM_005339_17,0.799
mrna - NM_005339,mrna - NM_005339_18,0.799
mrna - NM_005339,mrna - NM_005339_19,0.798
mrna - NM_005339,mrna - NM_005339_20,0.798
mrna - NM_005339,mrna - NM_005339_21,0.798
mrna - NM_005339,mrna - NM_005339_22,0.797
mrna - NM_005339,mrna - NM_005339_23,0.795
mrna - NM_005339,mrna - NM_005339_24,0.795
mrna - NM_005339,mrna - NM_005339_25,0.794
mrna - NM_005339,mrna - NM_005339_26,0.794
mrna - NM_005339,mrna - NM_005339_27,0.793
mrna - NM_005339,mrna - NM_005339_28,0.704
mrna - NM_005339,mrna - NM_005339_29,0.701
mrna - NM_005339,mrna - NM_005339_30,0.701
mrna - NM_005339,mrna - NM_005339_31,0.7
mrna - NM_005339,mrna - NM_005339_32,0.697
mrna - NM_005339,mrna - NM_005339_33,0.697
mrna - NM_005339,mrna - NM_005339_34,0.697
mrna - NM_005339,mrna - NM_005339_35,0.696
mrna - NM_005339,mrna - NM_005339_36,0.696
mrna - NM_005339,mrna - NM_005339_37,0.696
mrna - NM_005339,mrna - NM_005339_38,0.695
mrna - NM_005339,mrna - NM_005339_39,0.695
mrna - NM_005339,mrna - NM_005339_40,0.602
mrna - NM_005339,mrna - NM_005339_41,0.601
mrna - NM_005339,mrna - NM_005339_42,0.6
mrna - NM_005339,mrna - NM_005339_43,0.6
mrna - NM_005339,mrna - NM_005339_44,0.6
mrna - NM_005339,mrna - NM_005339_45,0.599
mrna - NM_005339,mrna - NM_005339_46,0.598
mrna - NM_005339,mrna - NM_005339_47,0.598
mrna - NM_005339,mrna - NM_005339_48,0.595
mrna - NM_005339,mrna - NM_005339_49,0.595
mrna - NM_005339,mrna - NM_005339_50,0.595
mrna - NM_005339,mrna - NM_005339_51,0.593
mrna - NM_005339,mrna - NM_005339_52,0.589
mrna - NM_005339,mrna - NM_005339_53,0.581
mrna - NM_005339,mrna - NM_005339_54,0.573
mrna - NM_005339,mrna - NM_005339_55,0.57
mrna - NM_005339,mrna - NM_005339_56,0.569
mrna - NM_005339,mrna - NM_005339_57,0.565
mrna - NM_005339,mrna - NM_005339_58,0.561
mrna - NM_005339,mrna - NM_005339_59,0.559
mrna - NM_005339,mrna - NM_005339_60,0.559
mrna - NM_005339,mrna - NM_005339_61,0.558
mrna - NM_005339,mrna - NM_005339_62,0.558
mrna - NM_005339,mrna - NM_005339_63,0.555
mrna - NM_005339,mrna - NM_005339_64,0.555
mrna - NM_005339,mrna - NM_005339_65,0.549
mrna - NM_005339,mrna - NM_005339_66,0.549
mrna - NM_005339,mrna - NM_005339_67,0.548
mrna - NM_005339,mrna - NM_005339_68,0.54
mrna - NM_005339,mrna - NM_005339_69,0.535
mrna - NM_005339,mrna - NM_005339_70,0.493
mrna - NM_005339,mrna - NM_005339_71,0.483
mrna - NM_005339,mrna - NM_005339_72,0.483
mrna - NM_005339,mrna - NM_005339_73,0.482
mrna - NM_005339,mrna - NM_005339_74,0.481
mrna - NM_005339,mrna - NM_005339_75,0.473
mrna - NM_005339,mrna - NM_005339_76,0.461
mrna - NM_005339,mrna - NM_005339_77,0.461
mrna - NM_005339,mrna - NM_005339_78,0.428
mrna - NM_005339,mrna - NM_005339_79,0.39
mrna - NM_012864,mrna - NM_012864_1,1.164
mrna - NM_012864,mrna - NM_012864_2,1.162
mrna - NM_012864,mrna - NM_012864_3,1.162
mrna - NM_012864,mrna - NM_012864_4,1.141
mrna - NM_012864,mrna - NM_012864_5,1.129
mrna - NM_012864,mrna - NM_012864_6,1.127
mrna - NM_012864,mrna - NM_012864_7,1.114
mrna - NM_012864,mrna - NM_012864_8,1.104
mrna - NM_012864,mrna - NM_012864_9,1.091
mrna - NM_012864,mrna - NM_012864_10,1.085
mrna - NM_012864,mrna - NM_012864_11,1.084
mrna - NM_012864,mrna - NM_012864_12,1.077
mrna - NM_012864,mrna - NM_012864_13,1.063
mrna - NM_012864,mrna - NM_012864_14,1.061
mrna - NM_012864,mrna - NM_012864_15,1.061
mrna - NM_012864,mrna - NM_012864_16,1.053
mrna - NM_012864,mrna - NM_012864_17,1.052
mrna - NM_012864,mrna - NM_012864_18,1.044
mrna - NM_012864,mrna - NM_012864_19,1.036
mrna - NM_012864,mrna - NM_012864_20,1.033
mrna - NM_012864,mrna - NM_012864_21,1.033
mrna - NM_012864,mrna - NM_012864_22,1.03
mrna - NM_012864,mrna - NM_012864_23,1.028
mrna - NM_012864,mrna - NM_012864_24,1.025
mrna - NM_012864,mrna - NM_012864_25,1.025
mrna - NM_012864,mrna - NM_012864_26,1.024
mrna - NM_012864,mrna - NM_012864_27,1.023
mrna - NM_012864,mrna - NM_012864_28,1.02
mrna - NM_012864,mrna - NM_012864_29,1.016
mrna - NM_012864,mrna - NM_012864_30,1.016
mrna - NM_012864,mrna - NM_012864_31,1.013
mrna - NM_012864,mrna - NM_012864_32,1.012
mrna - NM_012864,mrna - NM_012864_33,1.004
mrna - NM_012864,mrna - NM_012864_34,1.002
mrna - NM_012864,mrna - NM_012864_35,1.002
mrna - NM_012864,mrna - NM_012864_36,1.002
mrna - NM_012864,mrna - NM_012864_37,1.001
mrna - NM_012864,mrna - NM_012864_38,1.0
mrna - NM_012864,mrna - NM_012864_39,0.999
mrna - NM_012864,mrna - NM_012864_40,0.997
mrna - NM_012864,mrna - NM_012864_41,0.997
mrna - NM_012864,mrna - NM_012864_42,0.992
mrna - NM_012864,mrna - NM_012864_43,0.992
mrna - NM_012864,mrna - NM_012864_44,0.984
mrna - NM_012864,mrna - NM_012864_45,0.983
mrna - NM_012864,mrna - NM_012864_46,0.981
mrna - NM_012864,mrna - NM_012864_47,0.979
mrna - NM_012864,mrna - NM_012864_48,0.821
mrna - NM_012864,mrna - NM_012864_49,0.821
mrna - NM_012864,mrna - NM_012864_50,0.82
mrna - NM_012864,mrna - NM_012864_51,0.82
mrna - NM_012864,mrna - NM_012864_52,0.819
mrna - NM_012864,mrna - NM_012864_53,0.819
mrna - NM_012864,mrna - NM_012864_54,0.818
mrna - NM_012864,mrna - NM_012864_55,0.818
mrna - NM_012864,mrna - NM_012864_56,0.817
mrna - NM_012864,mrna - NM_012864_57,0.817
mrna - NM_012864,mrna - NM_012864_58,0.815
mrna - NM_012864,mrna - NM_012864_59,0.815
mrna - NM_012864,mrna - NM_012864_60,0.815
mrna - NM_012864,mrna - NM_012864_61,0.814
mrna - NM_012864,mrna - NM_012864_62,0.814
mrna - NM_012864,mrna - NM_012864_63,0.814
mrna - NM_012864,mrna - NM_012864_64,0.813
mrna - NM_012864,mrna - NM_012864_65,0.812
mrna - NM_012864,mrna - NM_012864_66,0.811
mrna - NM_012864,mrna - NM_012864_67,0.811
mrna - NM_012864,mrna - NM_012864_68,0.776
mrna - NM_012864,mrna - NM_012864_69,0.776
mrna - NM_012864,mrna - NM_012864_70,0.776
mrna - NM_012864,mrna - NM_012864_71,0.775
mrna - NM_012864,mrna - NM_012864_72,0.775
mrna - NM_012864,mrna - NM_012864_73,0.773
mrna - NM_012864,mrna - NM_012864_74,0.773
mrna - NM_012864,mrna - NM_012864_75,0.772
mrna - NM_012864,mrna - NM_012864_76,0.772
mrna - NM_012864,mrna - NM_012864_77,0.771
mrna - NM_012864,mrna - NM_012864_78,0.77
mrna - NM_012864,mrna - NM_012864_79,0.77
mrna - NM_012864,mrna - NM_012864_80,0.769
mrna - NM_012864,mrna - NM_012864_81,0.768
mrna - NM_012864,mrna - NM_012864_82,0.767
mrna - NM_012864,mrna - NM_012864_83,0.765
mrna - NM_012864,mrna - NM_012864_84,0.764
mrna - NM_012864,mrna - NM_012864_85,0.764
mrna - NM_012864,mrna - NM_012864_86,0.763
mrna - NM_012864,mrna - NM_012864_87,0.762
mrna - NM_012864,mrna - NM_012864_88,0.762
mrna - NM_012864,mrna - NM_012864_89,0.761
mrna - NM_012864,mrna - NM_012864_90,0.758
mrna - NM_012864,mrna - NM_012864_91,0.758
mrna - NM_012864,mrna - NM_012864_92,0.754
mrna - NM_012864,mrna - NM_012864_93,0.754
mrna - NM_012864,mrna - NM_012864_94,0.754
mrna - NM_012864,mrna - NM_012864_95,0.753
mrna - NM_012864,mrna - NM_012864_96,0.753
mrna - NM_012864,mrna - NM_012864_97,0.749
mrna - NM_012864,mrna - NM_012864_98,0.749
mrna - NM_012864,mrna - NM_012864_99,0.748
mrna - NM_012864,mrna - NM_012864_100,0.747
mrna - NM_012864,mrna - NM_012864_101,0.745
mrna - NM_012864,mrna - NM_012864_102,0.741
mrna - NM_012864,mrna - NM_012864_103,0.741
mrna - NM_012864,mrna - NM_012864_104,0.604
mrna - NM_012864,mrna - NM_012864_105,0.603
mrna - NM_012864,mrna - NM_012864_106,0.603
mrna - NM_012864,mrna - NM_012864_107,0.602
mrna - NM_012864,mrna - NM_012864_108,0.602
mrna - NM_012864,mrna - NM_012864_109,0.6
mrna - NM_012864,mrna - NM_012864_110,0.6
mrna - NM_012864,mrna - NM_012864_111,0.6
mrna - NM_012864,mrna - NM_012864_112,0.599
mrna - NM_012864,mrna - NM_012864_113,0.599
mrna - NM_012864,mrna - NM_012864_114,0.597
mrna - NM_012864,mrna - NM_012864_115,0.597
mrna - NM_012864,mrna - NM_012864_116,0.597
mrna - NM_012864,mrna - NM_012864_117,0.595
mrna - NM_012864,mrna - NM_012864_118,0.594
mrna - NM_012864,mrna - NM_012864_119,0.554
mrna - NM_012864,mrna - NM_012864_120,0.553
mrna - NM_012864,mrna - NM_012864_121,0.548
mrna - NM_012864,mrna - NM_012864_122,0.545
mrna - NM_012864,mrna - NM_012864_123,0.544
mrna - NM_012864,mrna - NM_012864_124,0.544
mrna - NM_012864,mrna - NM_012864_125,0.544
mrna - NM_012864,mrna - NM_012864_126,0.544
mrna - NM_012864,mrna - NM_012864_127,0.543
mrna - NM_012864,mrna - NM_012864_128,0.543
mrna - NM_012864,mrna - NM_012864_129,0.538
mrna - NM_012864,mrna - NM_012864_130,0.534
mrna - NM_012864,mrna - NM_012864_131,0.532
mrna - NM_012864,mrna - NM_012864_132,0.531
mrna - NM_012864,mrna - NM_012864_133,0.53
mrna - NM_012864,mrna - NM_012864_134,0.521
mrna - NM_012864,mrna - NM_012864_135,0.519
mrna - NM_012864,mrna - NM_012864_136,0.517
mrna - NM_012864,mrna - NM_012864_137,0.516
mrna - NM_012864,mrna - NM_012864_138,0.516
mrna - NM_012864,mrna - NM_012864_139,0.514
mrna - NM_012864,mrna - NM_012864_140,0.514
mrna - NM_012864,mrna - NM_012864_141,0.513
mrna - NM_012864,mrna - NM_012864_142,0.307
mrna - NM_012864,mrna - NM_012864_143,0.272
mrna - NM_012864,mrna - NM_012864_144,0.27
mrna - NM_012864,mrna - NM_012864_145,0.269
mrna - NM_012864,mrna - NM_012864_146,0.253
mrna - NM_012864,mrna - NM_012864_147,0.247
mrna - NM_012864,mrna - NM_012864_148,0.211
mrna - NM_012864,mrna - NM_012864_149,0.201
mrna - NM_012864,mrna - NM_012864_150,0.19
mrna - NM_017346,mrna - NM_017346_1,1.032
mrna - NM_017346,mrna - NM_017346_2,1.026
mrna - NM_017346,mrna - NM_017346_3,1.013
mrna - NM_017346,mrna - NM_017346_4,0.998
mrna - NM_017346,mrna - NM_017346_5,0.982
mrna - NM_017346,mrna - NM_017346_6,0.965
mrna - NM_017346,mrna - NM_017346_7,0.963
mrna - NM_017346,mrna - NM_017346_8,0.962
mrna - NM_017346,mrna - NM_017346_9,0.958
mrna - NM_017346,mrna - NM_017346_10,0.956
mrna - NM_017346,mrna - NM_017346_11,0.954
mrna - NM_017346,mrna - NM_017346_12,0.951
mrna - NM_017346,mrna - NM_017346_13,0.95
mrna - NM_017346,mrna - NM_017346_14,0.948
mrna - NM_017346,mrna - NM_017346_15,0.947
mrna - NM_017346,mrna - NM_017346_16,0.715
mrna - NM_017346,mrna - NM_017346_17,0.715
mrna - NM_017346,mrna - NM_017346_18,0.715
mrna - NM_017346,mrna - NM_017346_19,0.714
mrna - NM_017346,mrna - NM_017346_20,0.713
mrna - NM_017346,mrna - NM_017346_21,0.713
mrna - NM_017346,mrna - NM_017346_22,0.713
mrna - NM_017346,mrna - NM_017346_23,0.713
mrna - NM_017346,mrna - NM_017346_24,0.713
mrna - NM_017346,mrna - NM_017346_25,0.712
mrna - NM_017346,mrna - NM_017346_26,0.712
mrna - NM_017346,mrna - NM_017346_27,0.712
mrna - NM_017346,mrna - NM_017346_28,0.712
mrna - NM_017346,mrna - NM_017346_29,0.712
mrna - NM_017346,mrna - NM_017346_30,0.712
mrna - NM_017346,mrna - NM_017346_31,0.609
mrna - NM_017346,mrna - NM_017346_32,0.609
mrna - NM_017346,mrna - NM_017346_33,0.608
mrna - NM_017346,mrna - NM_017346_34,0.608
mrna - NM_017346,mrna - NM_017346_35,0.608
mrna - NM_017346,mrna - NM_017346_36,0.608
mrna - NM_017346,mrna - NM_017346_37,0.608
mrna - NM_017346,mrna - NM_017346_38,0.608
mrna - NM_017346,mrna - NM_017346_39,0.307
mrna - NM_017346,mrna - NM_017346_40,0.307
mrna - NM_017346,mrna - NM_017346_41,0.298
mrna - NM_017346,mrna - NM_017346_42,0.297
mrna - NM_017346,mrna - NM_017346_43,0.282
mrna - NM_017346,mrna - NM_017346_44,0.281
mrna - NM_017346,mrna - NM_017346_45,0.257
mrna - NM_017346,mrna - NM_017346_46,0.233
mrna - NM_021988,mrna - NM_021988_1,1.074
mrna - NM_021988,mrna - NM_021988_2,0.996
mrna - NM_021988,mrna - NM_021988_3,0.989
mrna - NM_021988,mrna - NM_021988_4,0.973
mrna - NM_021988,mrna - NM_021988_5,0.972
mrna - NM_021988,mrna - NM_021988_6,0.972
mrna - NM_021988,mrna - NM_021988_7,0.969
mrna - NM_021988,mrna - NM_021988_8,0.967
mrna - NM_021988,mrna - NM_021988_9,0.964
mrna - NM_021988,mrna - NM_021988_10,0.963
mrna - NM_021988,mrna - NM_021988_11,0.962
mrna - NM_021988,mrna - NM_021988_12,0.962
mrna - NM_021988,mrna - NM_021988_13,0.96
mrna - NM_021988,mrna - NM_021988_14,0.958
mrna - NM_021988,mrna - NM_021988_15,0.95
mrna - NM_021988,mrna - NM_021988_16,0.945
mrna - NM_021988,mrna - NM_021988_17,0.841
mrna - NM_021988,mrna - NM_021988_18,0.841
mrna - NM_021988,mrna - NM_021988_19,0.841
mrna - NM_021988,mrna - NM_021988_20,0.84
mrna - NM_021988,mrna - NM_021988_21,0.84
mrna - NM_021988,mrna - NM_021988_22,0.838
mrna - NM_021988,mrna - NM_021988_23,0.836
mrna - NM_021988,mrna - NM_021988_24,0.836
mrna - NM_021988,mrna - NM_021988_25,0.835
mrna - NM_021988,mrna - NM_021988_26,0.835
mrna - NM_021988,mrna - NM_021988_27,0.835
mrna - NM_021988,mrna - NM_021988_28,0.835
mrna - NM_021988,mrna - NM_021988_29,0.834
mrna - NM_021988,mrna - NM_021988_30,0.833
mrna - NM_021988,mrna - NM_021988_31,0.744
mrna - NM_021988,mrna - NM_021988_32,0.743
mrna - NM_021988,mrna - NM_021988_33,0.743
mrna - NM_021988,mrna - NM_021988_34,0.743
mrna - NM_021988,mrna - NM_021988_35,0.741
mrna - NM_021988,mrna - NM_021988_36,0.741
mrna - NM_021988,mrna - NM_021988_37,0.74
mrna - NM_021988,mrna - NM_021988_38,0.74
mrna - NM_021988,mrna - NM_021988_39,0.739
mrna - NM_021988,mrna - NM_021988_40,0.738
mrna - NM_021988,mrna - NM_021988_41,0.738
mrna - NM_021988,mrna - NM_021988_42,0.737
mrna - NM_021988,mrna - NM_021988_43,0.737
mrna - NM_021988,mrna - NM_021988_44,0.737
mrna - NM_021988,mrna - NM_021988_45,0.736
mrna - NM_021988,mrna - NM_021988_46,0.736
mrna - NM_021988,mrna - NM_021988_47,0.655
mrna - NM_021988,mrna - NM_021988_48,0.654
mrna - NM_021988,mrna - NM_021988_49,0.652
mrna - NM_021988,mrna - NM_021988_50,0.65
mrna - NM_021988,mrna - NM_021988_51,0.65
mrna - NM_021988,mrna - NM_021988_52,0.649
mrna - NM_021988,mrna - NM_021988_53,0.648
mrna - NM_021988,mrna - NM_021988_54,0.647
mrna - NM_021988,mrna - NM_021988_55,0.645
mrna - NM_021988,mrna - NM_021988_56,0.642
mrna - NM_021988,mrna - NM_021988_57,0.641
mrna - NM_021988,mrna - NM_021988_58,0.641
mrna - NM_021988,mrna - NM_021988_59,0.64
mrna - NM_021988,mrna - NM_021988_60,0.477
mrna - NM_021988,mrna - NM_021988_61,0.47
mrna - NM_021988,mrna - NM_021988_62,0.468
mrna - NM_021988,mrna - NM_021988_63,0.467
mrna - NM_021988,mrna - NM_021988_64,0.467
mrna - NM_021988,mrna - NM_021988_65,0.465
mrna - NM_021988,mrna - NM_021988_66,0.465
mrna - NM_021988,mrna - NM_021988_67,0.44
mrna - NM_021988,mrna - NM_021988_68,0.433
mrna - NM_021988,mrna - NM_021988_69,0.415
mrna - NM_021988,mrna - NM_021988_70,0.415
mrna - NM_021988,mrna - NM_021988_71,0.411
mrna - NM_021988,mrna - NM_021988_72,0.409
mrna - NM_021988,mrna - NM_021988_73,0.372
mrna - NM_021988,mrna - NM_021988_74,0.35
mrna - NM_022005,mrna - NM_022005_1,1.042
mrna - NM_022005,mrna - NM_022005_2,1.002
mrna - NM_022005,mrna - NM_022005_3,0.993
mrna - NM_022005,mrna - NM_022005_4,0.978
mrna - NM_022005,mrna - NM_022005_5,0.97
mrna - NM_022005,mrna - NM_022005_6,0.968
mrna - NM_022005,mrna - NM_022005_7,0.96
mrna - NM_022005,mrna - NM_022005_8,0.939
mrna - NM_022005,mrna - NM_022005_9,0.935
mrna - NM_022005,mrna - NM_022005_10,0.907
mrna - NM_022005,mrna - NM_022005_11,0.9
mrna - NM_022005,mrna - NM_022005_12,0.898
mrna - NM_022005,mrna - NM_022005_13,0.897
mrna - NM_022005,mrna - NM_022005_14,0.897
mrna - NM_022005,mrna - NM_022005_15,0.896
mrna - NM_022005,mrna - NM_022005_16,0.744
mrna - NM_022005,mrna - NM_022005_17,0.743
mrna - NM_022005,mrna - NM_022005_18,0.742
mrna - NM_022005,mrna - NM_022005_19,0.742
mrna - NM_022005,mrna - NM_022005_20,0.741
mrna - NM_022005,mrna - NM_022005_21,0.74
mrna - NM_022005,mrna - NM_022005_22,0.74
mrna - NM_022005,mrna - NM_022005_23,0.74
mrna - NM_022005,mrna - NM_022005_24,0.74
mrna - NM_022005,mrna - NM_022005_25,0.739
mrna - NM_022005,mrna - NM_022005_26,0.739
mrna - NM_022005,mrna - NM_022005_27,0.738
mrna - NM_022005,mrna - NM_022005_28,0.738
mrna - NM_022005,mrna - NM_022005_29,0.738
mrna - NM_022005,mrna - NM_022005_30,0.738
mrna - NM_022005,mrna - NM_022005_31,0.667
mrna - NM_022005,mrna - NM_022005_32,0.666
mrna - NM_022005,mrna - NM_022005_33,0.666
mrna - NM_022005,mrna - NM_022005_34,0.666
mrna - NM_022005,mrna - NM_022005_35,0.665
mrna - NM_022005,mrna - NM_022005_36,0.665
mrna - NM_022005,mrna - NM_022005_37,0.665
mrna - NM_022005,mrna - NM_022005_38,0.664
mrna - NM_022005,mrna - NM_022005_39,0.663
mrna - NM_022005,mrna - NM_022005_40,0.662
mrna - NM_022005,mrna - NM_022005_41,0.662
mrna - NM_022005,mrna - NM_022005_42,0.662
mrna - NM_022005,mrna - NM_022005_43,0.661
mrna - NM_022005,mrna - NM_022005_44,0.661
mrna - NM_022005,mrna - NM_022005_45,0.66
mrna - NM_022005,mrna - NM_022005_46,0.66
mrna - NM_022005,mrna - NM_022005_47,0.584
mrna - NM_022005,mrna - NM_022005_48,0.584
mrna - NM_022005,mrna - NM_022005_49,0.584
mrna - NM_022005,mrna - NM_022005_50,0.583
mrna - NM_022005,mrna - NM_022005_51,0.583
mrna - NM_022005,mrna - NM_022005_52,0.583
mrna - NM_022005,mrna - NM_022005_53,0.582
mrna - NM_022005,mrna - NM_022005_54,0.582
mrna - NM_022005,mrna - NM_022005_55,0.582
mrna - NM_022005,mrna - NM_022005_56,0.581
mrna - NM_022005,mrna - NM_022005_57,0.58
mrna - NM_022005,mrna - NM_022005_58,0.351
mrna - NM_022005,mrna - NM_022005_59,0.349
mrna - NM_022005,mrna - NM_022005_60,0.332
mrna - NM_022005,mrna - NM_022005_61,0.408
mrna - NM_022005,mrna - NM_022005_62,0.407
mrna - NM_022005,mrna - NM_022005_63,0.403
mrna - NM_022005,mrna - NM_022005_64,0.399
mrna - NM_022005,mrna - NM_022005_65,0.396
mrna - NM_022005,mrna - NM_022005_66,0.396
mrna - NM_022005,mrna - NM_022005_67,0.389
mrna - NM_022005,mrna - NM_022005_68,0.378
mrna - NM_022005,mrna - NM_022005_69,0.366
mrna - NM_022005,mrna - NM_022005_70,0.357
mrna - NM_022005,mrna - NM_022005_71,0.355
mrna - NM_022005,mrna - NM_022005_72,0.352
mrna - NM_025237,mrna - NM_025237_1,0.983
mrna - NM_025237,mrna - NM_025237_2,0.945
mrna - NM_025237,mrna - NM_025237_3,0.941
mrna - NM_025237,mrna - NM_025237_4,0.936
mrna - NM_025237,mrna - NM_025237_5,0.935
mrna - NM_025237,mrna - NM_025237_6,0.93
mrna - NM_025237,mrna - NM_025237_7,0.929
mrna - NM_025237,mrna - NM_025237_8,0.921
mrna - NM_025237,mrna - NM_025237_9,0.913
mrna - NM_025237,mrna - NM_025237_10,0.905
mrna - NM_025237,mrna - NM_025237_11,0.901
mrna - NM_025237,mrna - NM_025237_12,0.901
mrna - NM_025237,mrna - NM_025237_13,0.884
mrna - NM_025237,mrna - NM_025237_14,0.877
mrna - NM_025237,mrna - NM_025237_15,0.877
mrna - NM_025237,mrna - NM_025237_16,0.711
mrna - NM_025237,mrna - NM_025237_17,0.711
mrna - NM_025237,mrna - NM_025237_18,0.709
mrna - NM_025237,mrna - NM_025237_19,0.709
mrna - NM_025237,mrna - NM_025237_20,0.707
mrna - NM_025237,mrna - NM_025237_21,0.706
mrna - NM_025237,mrna - NM_025237_22,0.705
mrna - NM_025237,mrna - NM_025237_23,0.704
mrna - NM_025237,mrna - NM_025237_24,0.703
mrna - NM_025237,mrna - NM_025237_25,0.703
mrna - NM_025237,mrna - NM_025237_26,0.7
mrna - NM_025237,mrna - NM_025237_27,0.698
mrna - NM_025237,mrna - NM_025237_28,0.697
mrna - NM_025237,mrna - NM_025237_29,0.696
mrna - NM_025237,mrna - NM_025237_30,0.609
mrna - NM_025237,mrna - NM_025237_31,0.609
mrna - NM_025237,mrna - NM_025237_32,0.609
mrna - NM_025237,mrna - NM_025237_33,0.608
mrna - NM_025237,mrna - NM_025237_34,0.607
mrna - NM_025237,mrna - NM_025237_35,0.606
mrna - NM_025237,mrna - NM_025237_36,0.606
mrna - NM_025237,mrna - NM_025237_37,0.603
mrna - NM_025237,mrna - NM_025237_38,0.603
mrna - NM_025237,mrna - NM_025237_39,0.602
mrna - NM_025237,mrna - NM_025237_40,0.601
mrna - NM_025237,mrna - NM_025237_41,0.601
mrna - NM_025237,mrna - NM_025237_42,0.6
mrna - NM_025237,mrna - NM_025237_43,0.597
mrna - NM_025237,mrna - NM_025237_44,0.597
mrna - NM_025237,mrna - NM_025237_45,0.597
mrna - NM_025237,mrna - NM_025237_46,0.491
mrna - NM_025237,mrna - NM_025237_47,0.491
mrna - NM_025237,mrna - NM_025237_48,0.49
mrna - NM_025237,mrna - NM_025237_49,0.49
mrna - NM_025237,mrna - NM_025237_50,0.485
mrna - NM_025237,mrna - NM_025237_51,0.485
mrna - NM_025237,mrna - NM_025237_52,0.485
mrna - NM_025237,mrna - NM_025237_53,0.482
mrna - NM_025237,mrna - NM_025237_54,0.481
mrna - NM_025237,mrna - NM_025237_55,0.48
mrna - NM_025237,mrna - NM_025237_56,0.479
mrna - NM_025237,mrna - NM_025237_57,0.479
mrna - NM_025237,mrna - NM_025237_58,0.478
mrna - NM_025237,mrna - NM_025237_59,0.46
mrna - NM_025237,mrna - NM_025237_60,0.459
mrna - NM_025237,mrna - NM_025237_61,0.459
mrna - NM_025237,mrna - NM_025237_62,0.457
mrna - NM_025237,mrna - NM_025237_63,0.456
mrna - NM_025237,mrna - NM_025237_64,0.456
mrna - NM_025237,mrna - NM_025237_65,0.455
mrna - NM_025237,mrna - NM_025237_66,0.455
mrna - NM_025237,mrna - NM_025237_67,0.455
mrna - NM_025237,mrna - NM_025237_68,0.339
mrna - NM_025237,mrna - NM_025237_69,0.337
mrna - NM_025237,mrna - NM_025237_70,0.335
mrna - NM_025237,mrna - NM_025237_71,0.332
mrna - NM_025237,mrna - NM_025237_72,0.331
mrna - NM_025237,mrna - NM_025237_73,0.307
mrna - NM_025237,mrna - NM_025237_74,0.306
mrna - NM_025237,mrna - NM_025237_75,0.29
mrna - NM_031313,mrna - NM_031313_1,1.003
mrna - NM_031313,mrna - NM_031313_2,0.999
mrna - NM_031313,mrna - NM_031313_3,0.866
mrna - NM_031313,mrna - NM_031313_4,0.865
mrna - NM_031313,mrna - NM_031313_5,0.782
mrna - NM_031313,mrna - NM_031313_6,0.781
mrna - NM_031313,mrna - NM_031313_7,0.267
mrna - NM_053656,mrna - NM_053656_1,1.029
mrna - NM_053656,mrna - NM_053656_2,1.02
mrna - NM_053656,mrna - NM_053656_3,1.005
mrna - NM_053656,mrna - NM_053656_4,0.988
mrna - NM_053656,mrna - NM_053656_5,0.981
mrna - NM_053656,mrna - NM_053656_6,0.979
mrna - NM_053656,mrna - NM_053656_7,0.967
mrna - NM_053656,mrna - NM_053656_8,0.964
mrna - NM_053656,mrna - NM_053656_9,0.961
mrna - NM_053656,mrna - NM_053656_10,0.961
mrna - NM_053656,mrna - NM_053656_11,0.946
mrna - NM_053656,mrna - NM_053656_12,0.941
mrna - NM_053656,mrna - NM_053656_13,0.939
mrna - NM_053656,mrna - NM_053656_14,0.935
mrna - NM_053656,mrna - NM_053656_15,0.934
mrna - NM_053656,mrna - NM_053656_16,0.933
mrna - NM_053656,mrna - NM_053656_17,0.804
mrna - NM_053656,mrna - NM_053656_18,0.803
mrna - NM_053656,mrna - NM_053656_19,0.803
mrna - NM_053656,mrna - NM_053656_20,0.802
mrna - NM_053656,mrna - NM_053656_21,0.801
mrna - NM_053656,mrna - NM_053656_22,0.801
mrna - NM_053656,mrna - NM_053656_23,0.8
mrna - NM_053656,mrna - NM_053656_24,0.8
mrna - NM_053656,mrna - NM_053656_25,0.8
mrna - NM_053656,mrna - NM_053656_26,0.8
mrna - NM_053656,mrna - NM_053656_27,0.799
mrna - NM_053656,mrna - NM_053656_28,0.798
mrna - NM_053656,mrna - NM_053656_29,0.798
mrna - NM_053656,mrna - NM_053656_30,0.72
mrna - NM_053656,mrna - NM_053656_31,0.72
mrna - NM_053656,mrna - NM_053656_32,0.719
mrna - NM_053656,mrna - NM_053656_33,0.719
mrna - NM_053656,mrna - NM_053656_34,0.719
mrna - NM_053656,mrna - NM_053656_35,0.718
mrna - NM_053656,mrna - NM_053656_36,0.718
mrna - NM_053656,mrna - NM_053656_37,0.718
mrna - NM_053656,mrna - NM_053656_38,0.718
mrna - NM_053656,mrna - NM_053656_39,0.717
mrna - NM_053656,mrna - NM_053656_40,0.717
mrna - NM_053656,mrna - NM_053656_41,0.692
mrna - NM_053656,mrna - NM_053656_42,0.692
mrna - NM_053656,mrna - NM_053656_43,0.692
mrna - NM_053656,mrna - NM_053656_44,0.691
mrna - NM_053656,mrna - NM_053656_45,0.69
mrna - NM_053656,mrna - NM_053656_46,0.69
mrna - NM_053656,mrna - NM_053656_47,0.689
mrna - NM_053656,mrna - NM_053656_48,0.689
mrna - NM_053656,mrna - NM_053656_49,0.689
mrna - NM_053656,mrna - NM_053656_50,0.689
mrna - NM_053656,mrna - NM_053656_51,0.688
mrna - NM_053656,mrna - NM_053656_52,0.595
mrna - NM_053656,mrna - NM_053656_53,0.595
mrna - NM_053656,mrna - NM_053656_54,0.595
mrna - NM_053656,mrna - NM_053656_55,0.594
mrna - NM_053656,mrna - NM_053656_56,0.594
mrna - NM_053656,mrna - NM_053656_57,0.594
mrna - NM_053656,mrna - NM_053656_58,0.594
mrna - NM_053656,mrna - NM_053656_59,0.593
mrna - NM_053656,mrna - NM_053656_60,0.593
mrna - NM_053656,mrna - NM_053656_61,0.593
mrna - NM_053656,mrna - NM_053656_62,0.556
mrna - NM_053656,mrna - NM_053656_63,0.555
mrna - NM_053656,mrna - NM_053656_64,0.555
mrna - NM_053656,mrna - NM_053656_65,0.555
mrna - NM_053656,mrna - NM_053656_66,0.555
mrna - NM_053656,mrna - NM_053656_67,0.555
mrna - NM_053656,mrna - NM_053656_68,0.373
mrna - NM_053656,mrna - NM_053656_69,0.369
mrna - NM_053656,mrna - NM_053656_70,0.36
mrna - NM_053656,mrna - NM_053656_71,0.36
mrna - NM_053656,mrna - NM_053656_72,0.358
mrna - NM_053656,mrna - NM_053656_73,0.346
mrna - NM_053656,mrna - NM_053656_74,0.336
mrna - NM_053656,mrna - NM_053656_75,0.33
mrna - NM_053656,mrna - NM_053656_76,0.316
mrna - NM_053656,mrna - NM_053656_77,0.305
mrna - U92436,mrna - U92436_1,1.074
mrna - U92436,mrna - U92436_2,1.073
mrna - U92436,mrna - U92436_3,1.056
mrna - U92436,mrna - U92436_4,1.041
mrna - U92436,mrna - U92436_5,1.039
mrna - U92436,mrna - U92436_6,1.036
mrna - U92436,mrna - U92436_7,1.027
mrna - U92436,mrna - U92436_8,1.027
mrna - U92436,mrna - U92436_9,1.024
mrna - U92436,mrna - U92436_10,1.024
mrna - U92436,mrna - U92436_11,1.019
mrna - U92436,mrna - U92436_12,1.012
mrna - U92436,mrna - U92436_13,1.011
mrna - U92436,mrna - U92436_14,0.912
mrna - U92436,mrna - U92436_15,0.911
mrna - U92436,mrna - U92436_16,0.91
mrna - U92436,mrna - U92436_17,0.909
mrna - U92436,mrna - U92436_18,0.909
mrna - U92436,mrna - U92436_19,0.907
mrna - U92436,mrna - U92436_20,0.906
mrna - U92436,mrna - U92436_21,0.906
mrna - U92436,mrna - U92436_22,0.906
mrna - U92436,mrna - U92436_23,0.615
mrna - U92436,mrna - U92436_24,0.615
mrna - U92436,mrna - U92436_25,0.615
mrna - U92436,mrna - U92436_26,0.615
mrna - U92436,mrna - U92436_27,0.615
mrna - U92436,mrna - U92436_28,0.614
mrna - U92436,mrna - U92436_29,0.531
mrna - U92436,mrna - U92436_30,0.531
mrna - U92436,mrna - U92436_31,0.531
mrna - U92436,mrna - U92436_32,0.498
mrna - U92436,mrna - U92436_33,0.497
mrna - U92436,mrna - U92436_34,0.322
mrna - U92436,mrna - U92436_35,0.306
mrna - U92436,mrna - U92436_36,0.297
mrna - XM_214061,mrna - XM_214061_1,1.001
mrna - XM_214061,mrna - XM_214061_2,0.985
mrna - XM_214061,mrna - XM_214061_3,0.985
mrna - XM_214061,mrna - XM_214061_4,0.981
mrna - XM_214061,mrna - XM_214061_5,0.98
mrna - XM_214061,mrna - XM_214061_6,0.976
mrna - XM_214061,mrna - XM_214061_7,0.972
mrna - XM_214061,mrna - XM_214061_8,0.971
mrna - XM_214061,mrna - XM_214061_9,0.964
mrna - XM_214061,mrna - XM_214061_10,0.963
mrna - XM_214061,mrna - XM_214061_11,0.961
mrna - XM_214061,mrna - XM_214061_12,0.959
mrna - XM_214061,mrna - XM_214061_13,0.951
mrna - XM_214061,mrna - XM_214061_14,0.948
mrna - XM_214061,mrna - XM_214061_15,0.948
mrna - XM_214061,mrna - XM_214061_16,0.947
mrna - XM_214061,mrna - XM_214061_17,0.946
mrna - XM_214061,mrna - XM_214061_18,0.945
mrna - XM_214061,mrna - XM_214061_19,0.943
mrna - XM_214061,mrna - XM_214061_20,0.94
mrna - XM_214061,mrna - XM_214061_21,0.939
mrna - XM_214061,mrna - XM_214061_22,0.939
mrna - XM_214061,mrna - XM_214061_23,0.938
mrna - XM_214061,mrna - XM_214061_24,0.899
mrna - XM_214061,mrna - XM_214061_25,0.899
mrna - XM_214061,mrna - XM_214061_26,0.899
mrna - XM_214061,mrna - XM_214061_27,0.897
mrna - XM_214061,mrna - XM_214061_28,0.897
mrna - XM_214061,mrna - XM_214061_29,0.897
mrna - XM_214061,mrna - XM_214061_30,0.895
mrna - XM_214061,mrna - XM_214061_31,0.895
mrna - XM_214061,mrna - XM_214061_32,0.892
mrna - XM_214061,mrna - XM_214061_33,0.892
mrna - XM_214061,mrna - XM_214061_34,0.891
mrna - XM_214061,mrna - XM_214061_35,0.891
mrna - XM_214061,mrna - XM_214061_36,0.891
mrna - XM_214061,mrna - XM_214061_37,0.89
mrna - XM_214061,mrna - XM_214061_38,0.889
mrna - XM_214061,mrna - XM_214061_39,0.889
mrna - XM_214061,mrna - XM_214061_40,0.796
mrna - XM_214061,mrna - XM_214061_41,0.796
mrna - XM_214061,mrna - XM_214061_42,0.796
mrna - XM_214061,mrna - XM_214061_43,0.794
mrna - XM_214061,mrna - XM_214061_44,0.794
mrna - XM_214061,mrna - XM_214061_45,0.793
mrna - XM_214061,mrna - XM_214061_46,0.793
mrna - XM_214061,mrna - XM_214061_47,0.793
mrna - XM_214061,mrna - XM_214061_48,0.792
mrna - XM_214061,mrna - XM_214061_49,0.792
mrna - XM_214061,mrna - XM_214061_50,0.791
mrna - XM_214061,mrna - XM_214061_51,0.791
mrna - XM_214061,mrna - XM_214061_52,0.791
mrna - XM_214061,mrna - XM_214061_53,0.789
mrna - XM_214061,mrna - XM_214061_54,0.789
mrna - XM_214061,mrna - XM_214061_55,0.789
mrna - XM_214061,mrna - XM_214061_56,0.789
mrna - XM_214061,mrna - XM_214061_57,0.789
mrna - XM_214061,mrna - XM_214061_58,0.789
mrna - XM_214061,mrna - XM_214061_59,0.788
mrna - XM_214061,mrna - XM_214061_60,0.788
mrna - XM_214061,mrna - XM_214061_61,0.787
mrna - XM_214061,mrna - XM_214061_62,0.787
mrna - XM_214061,mrna - XM_214061_63,0.787
mrna - XM_214061,mrna - XM_214061_64,0.786
mrna - XM_214061,mrna - XM_214061_65,0.786
mrna - XM_214061,mrna - XM_214061_66,0.785
mrna - XM_214061,mrna - XM_214061_67,0.785
mrna - XM_214061,mrna - XM_214061_68,0.784
mrna - XM_214061,mrna - XM_214061_69,0.784
mrna - XM_214061,mrna - XM_214061_70,0.783
mrna - XM_214061,mrna - XM_214061_71,0.783
mrna - XM_214061,mrna - XM_214061_72,0.783
mrna - XM_214061,mrna - XM_214061_73,0.783
mrna - XM_214061,mrna - XM_214061_74,0.782
mrna - XM_214061,mrna - XM_214061_75,0.782
mrna - XM_214061,mrna - XM_214061_76,0.782
mrna - XM_214061,mrna - XM_214061_77,0.782
mrna - XM_214061,mrna - XM_214061_78,0.781
mrna - XM_214061,mrna - XM_214061_79,0.78
mrna - XM_214061,mrna - XM_214061_80,0.78
mrna - XM_214061,mrna - XM_214061_81,0.78
mrna - XM_214061,mrna - XM_214061_82,0.78
mrna - XM_214061,mrna - XM_214061_83,0.779
mrna - XM_214061,mrna - XM_214061_84,0.779
mrna - XM_214061,mrna - XM_214061_85,0.779
mrna - XM_214061,mrna - XM_214061_86,0.778
mrna - XM_214061,mrna - XM_214061_87,0.778
mrna - XM_214061,mrna - XM_214061_88,0.778
mrna - XM_214061,mrna - XM_214061_89,0.778
mrna - XM_214061,mrna - XM_214061_90,0.778
mrna - XM_214061,mrna - XM_214061_91,0.777
mrna - XM_214061,mrna - XM_214061_92,0.777
mrna - XM_214061,mrna - XM_214061_93,0.777
mrna - XM_214061,mrna - XM_214061_94,0.777
mrna - XM_214061,mrna - XM_214061_95,0.776
mrna - XM_214061,mrna - XM_214061_96,0.775
mrna - XM_214061,mrna - XM_214061_97,0.775
mrna - XM_214061,mrna - XM_214061_98,0.775
mrna - XM_214061,mrna - XM_214061_99,0.774
mrna - XM_214061,mrna - XM_214061_100,0.774
mrna - XM_214061,mrna - XM_214061_101,0.774
mrna - XM_214061,mrna - XM_214061_102,0.774
mrna - XM_214061,mrna - XM_214061_103,0.772
mrna - XM_214061,mrna - XM_214061_104,0.772
mrna - XM_214061,mrna - XM_214061_105,0.771
mrna - XM_214061,mrna - XM_214061_106,0.771
mrna - XM_214061,mrna - XM_214061_107,0.771
mrna - XM_214061,mrna - XM_214061_108,0.771
mrna - XM_214061,mrna - XM_214061_109,0.77
mrna - XM_214061,mrna - XM_214061_110,0.77
mrna - XM_214061,mrna - XM_214061_111,0.769
mrna - XM_214061,mrna - XM_214061_112,0.769
mrna - XM_214061,mrna - XM_214061_113,0.769
mrna - XM_214061,mrna - XM_214061_114,0.577
mrna - XM_214061,mrna - XM_214061_115,0.577
mrna - XM_214061,mrna - XM_214061_116,0.577
mrna - XM_214061,mrna - XM_214061_117,0.576
mrna - XM_214061,mrna - XM_214061_118,0.576
mrna - XM_214061,mrna - XM_214061_119,0.575
mrna - XM_214061,mrna - XM_214061_120,0.575
mrna - XM_214061,mrna - XM_214061_121,0.574
mrna - XM_214061,mrna - XM_214061_122,0.574
mrna - XM_214061,mrna - XM_214061_123,0.574
mrna - XM_214061,mrna - XM_214061_124,0.574
mrna - XM_214061,mrna - XM_214061_125,0.573
mrna - XM_214061,mrna - XM_214061_126,0.498
mrna - XM_214061,mrna - XM_214061_127,0.497
mrna - XM_214061,mrna - XM_214061_128,0.497
mrna - XM_214061,mrna - XM_214061_129,0.495
mrna - XM_214061,mrna - XM_214061_130,0.495
mrna - XM_214061,mrna - XM_214061_131,0.494
mrna - XM_214061,mrna - XM_214061_132,0.493
mrna - XM_214061,mrna - XM_214061_133,0.493
mrna - XM_214061,mrna - XM_214061_134,0.311
mrna - XM_214061,mrna - XM_214061_135,0.309
mrna - XM_214061,mrna - XM_214061_136,0.298
mrna - XM_214061,mrna - XM_214061_137,0.291
mrna - XM_214061,mrna - XM_214061_138,0.284
mrna - XM_214061,mrna - XM_214061_139,0.282
mrna - XM_214061,mrna - XM_214061_140,0.28
mrna - XM_214061,mrna - XM_214061_141,0.27
mrna - XM_214061,mrna - XM_214061_142,0.259
mrna - XM_214061,mrna - XM_214061_143,0.247
mrna - XM_214061,mrna - XM_214061_144,0.24
NM_003345,NM_003345_1,1.07
NM_003345,NM_003345_2,0.955
NM_003345,NM_003345_3,0.954
NM_003345,NM_003345_4,0.943
NM_003345,NM_003345_5,0.935
NM_003345,NM_003345_6,0.931
NM_003345,NM_003345_7,0.929
NM_003345,NM_003345_8,0.928
NM_003345,NM_003345_9,0.924
NM_003345,NM_003345_10,0.921
NM_003345,NM_003345_11,0.92
NM_003345,NM_003345_12,0.92
NM_003345,NM_003345_13,0.919
NM_003345,NM_003345_14,0.916
NM_003345,NM_003345_15,0.911
NM_003345,NM_003345_16,0.903
NM_003345,NM_003345_17,0.901
NM_003345,NM_003345_18,0.9
NM_003345,NM_003345_19,0.899
NM_003345,NM_003345_20,0.899
NM_003345,NM_003345_21,0.898
NM_003345,NM_003345_22,0.895
NM_003345,NM_003345_23,0.894
NM_003345,NM_003345_24,0.891
NM_003345,NM_003345_25,0.889
NM_003345,NM_003345_26,0.888
NM_003345,NM_003345_27,0.883
NM_003345,NM_003345_28,0.882
NM_003345,NM_003345_29,0.881
NM_003345,NM_003345_30,0.88
NM_003345,NM_003345_31,0.88
NM_003345,NM_003345_32,0.878
NM_003345,NM_003345_33,0.876
NM_003345,NM_003345_34,0.875
NM_003345,NM_003345_35,0.875
NM_003345,NM_003345_36,0.874
NM_003345,NM_003345_37,0.874
NM_003345,NM_003345_38,0.817
NM_003345,NM_003345_39,0.812
NM_003345,NM_003345_40,0.811
NM_003345,NM_003345_41,0.808
NM_003345,NM_003345_42,0.808
NM_003345,NM_003345_43,0.806
NM_003345,NM_003345_44,0.804
NM_003345,NM_003345_45,0.804
NM_003345,NM_003345_46,0.802
NM_003345,NM_003345_47,0.802
NM_003345,NM_003345_48,0.799
NM_003345,NM_003345_49,0.798
NM_003345,NM_003345_50,0.795
NM_003345,NM_003345_51,0.793
NM_003345,NM_003345_52,0.793
NM_003345,NM_003345_53,0.792
NM_003345,NM_003345_54,0.792
NM_003345,NM_003345_55,0.792
NM_003345,NM_003345_56,0.79
NM_003345,NM_003345_57,0.789
NM_003345,NM_003345_58,0.784
NM_003345,NM_003345_59,0.783
NM_003345,NM_003345_60,0.782
NM_003345,NM_003345_61,0.781
NM_003345,NM_003345_62,0.78
NM_003345,NM_003345_63,0.779
NM_003345,NM_003345_64,0.766
AH001498,AH0014981,1.002
AH001498,AH0014982,0.997
AH001498,AH0014983,0.992
AH001498,AH0014984,0.992
AH001498,AH0014985,0.991
AH001498,AH0014986,0.991
AH001498,AH0014987,0.988
AH001498,AH0014988,0.987
AH001498,AH0014989,0.987
AH001498,AH00149810,0.986
AH001498,AH00149811,0.982
AH001498,AH00149812,0.432
AH001498,AH00149813,0.432
AH001498,AH00149814,0.431
AH001498,AH00149815,0.73
AH001498,AH00149816,0.73
AH001498,AH00149817,0.729
AH001498,AH00149818,0.729
AH001498,AH00149819,0.735
AH001498,AH00149820,0.735
AH001498,AH00149821,0.734
AH001498,AH00149822,0.747
AH001498,AH00149823,0.747
AH001498,AH00149824,0.746
AH001498,AH00149825,0.746
AH001498,AH00149826,0.752
AH001498,AH00149827,0.751
AH001498,AH00149828,0.76
AH001498,AH00149829,0.759
AH001498,AH00149830,0.778
AH001498,AH00149831,0.777
AH001498,AH00149832,0.783
AH001498,AH00149833,0.782
AH001498,AH00149834,0.786
AH001498,AH00149835,0.785
AH001498,AH00149836,0.8
AH001498,AH00149837,0.799
AH001498,AH00149838,0.83
AH001498,AH00149839,0.829
AH001498,AH00149840,0.834